,id,stages,dt,user
0,0.0,A,2020-01-01,user_1
1,0.0,D,2020-01-09,user_1
2,0.0,E,2020-01-10,user_1
3,0.0,F,2020-01-12,user_4
0,1.0,A,2020-01-01,user_0
1,1.0,E,2020-01-02,user_3
2,1.0,F,2020-01-06,user_2
0,2.0,A,2020-01-01,user_4
1,2.0,E,2020-01-04,user_2
2,2.0,F,2020-01-12,user_3
0,3.0,A,2020-01-01,user_0
1,3.0,E,2020-01-04,user_1
2,3.0,F,2020-01-08,user_2
0,4.0,A,2020-01-01,user_0
1,4.0,C,2020-01-03,user_1
2,4.0,D,2020-01-05,user_4
3,4.0,F,2020-01-12,user_2
4,4.0,B,2020-01-19,user_0
0,5.0,A,2020-01-01,user_1
0,6.0,A,2020-01-01,user_2
1,6.0,C,2020-01-02,user_4
2,6.0,D,2020-01-08,user_4
0,7.0,C,2020-01-01,user_1
1,7.0,A,2020-01-03,user_0
2,7.0,D,2020-01-12,user_2
3,7.0,F,2020-01-16,user_1
4,7.0,E,2020-01-19,user_0
0,8.0,F,2020-01-01,user_3
1,8.0,A,2020-01-10,user_0
0,9.0,A,2020-01-01,user_4
1,9.0,F,2020-01-05,user_1
0,10.0,A,2020-01-01,user_1
1,10.0,D,2020-01-09,user_0
0,11.0,A,2020-01-01,user_1
1,11.0,E,2020-01-02,user_0
2,11.0,F,2020-01-07,user_4
0,12.0,A,2020-01-01,user_2
1,12.0,D,2020-01-03,user_4
2,12.0,B,2020-01-07,user_4
3,12.0,E,2020-01-15,user_3
0,13.0,A,2020-01-01,user_0
1,13.0,F,2020-01-06,user_3
2,13.0,D,2020-01-15,user_0
0,14.0,C,2020-01-01,user_1
1,14.0,A,2020-01-02,user_3
0,15.0,A,2020-01-01,user_0
1,15.0,B,2020-01-05,user_2
2,15.0,E,2020-01-06,user_2
3,15.0,F,2020-01-07,user_4
0,16.0,C,2020-01-01,user_3
1,16.0,A,2020-01-03,user_0
2,16.0,F,2020-01-10,user_2
3,16.0,E,2020-01-14,user_0
0,17.0,D,2020-01-01,user_4
1,17.0,A,2020-01-09,user_0
2,17.0,E,2020-01-12,user_3
0,18.0,A,2020-01-01,user_0
1,18.0,D,2020-01-10,user_2
2,18.0,F,2020-01-16,user_0
0,19.0,A,2020-01-01,user_4
1,19.0,D,2020-01-06,user_3
2,19.0,E,2020-01-15,user_3
3,19.0,F,2020-01-16,user_4
0,20.0,A,2020-01-01,user_4
1,20.0,C,2020-01-03,user_0
2,20.0,F,2020-01-05,user_2
3,20.0,D,2020-01-13,user_0
0,21.0,C,2020-01-01,user_1
1,21.0,A,2020-01-09,user_4
2,21.0,F,2020-01-12,user_4
3,21.0,D,2020-01-21,user_1
0,22.0,A,2020-01-01,user_4
1,22.0,F,2020-01-05,user_3
0,23.0,C,2020-01-01,user_0
1,23.0,E,2020-01-06,user_2
2,23.0,F,2020-01-14,user_3
0,24.0,A,2020-01-01,user_4
1,24.0,F,2020-01-06,user_4
0,25.0,A,2020-01-01,user_3
1,25.0,C,2020-01-07,user_4
2,25.0,E,2020-01-15,user_1
3,25.0,F,2020-01-17,user_4
4,25.0,D,2020-01-19,user_3
0,26.0,D,2020-01-01,user_4
1,26.0,A,2020-01-07,user_2
2,26.0,E,2020-01-14,user_0
3,26.0,F,2020-01-16,user_2
0,27.0,A,2020-01-01,user_2
1,27.0,D,2020-01-06,user_3
2,27.0,C,2020-01-14,user_3
3,27.0,F,2020-01-21,user_4
0,28.0,D,2020-01-01,user_2
1,28.0,A,2020-01-04,user_1
2,28.0,E,2020-01-12,user_4
3,28.0,F,2020-01-17,user_4
0,29.0,A,2020-01-01,user_2
1,29.0,F,2020-01-09,user_2
0,30.0,A,2020-01-01,user_3
1,30.0,F,2020-01-06,user_3
2,30.0,E,2020-01-14,user_2
0,31.0,A,2020-01-01,user_3
1,31.0,C,2020-01-08,user_1
2,31.0,E,2020-01-15,user_1
3,31.0,F,2020-01-19,user_0
0,32.0,A,2020-01-01,user_1
1,32.0,F,2020-01-06,user_2
0,33.0,A,2020-01-01,user_0
1,33.0,F,2020-01-09,user_0
0,34.0,A,2020-01-01,user_4
1,34.0,D,2020-01-06,user_0
2,34.0,E,2020-01-11,user_4
3,34.0,F,2020-01-18,user_1
0,35.0,D,2020-01-01,user_1
1,35.0,A,2020-01-10,user_2
2,35.0,F,2020-01-16,user_0
0,36.0,A,2020-01-01,user_1
1,36.0,D,2020-01-06,user_2
2,36.0,E,2020-01-07,user_4
3,36.0,F,2020-01-15,user_3
0,37.0,A,2020-01-01,user_2
1,37.0,C,2020-01-03,user_3
2,37.0,F,2020-01-12,user_3
0,38.0,F,2020-01-01,user_2
1,38.0,A,2020-01-09,user_4
0,39.0,A,2020-01-01,user_4
1,39.0,E,2020-01-08,user_3
2,39.0,F,2020-01-16,user_0
0,40.0,A,2020-01-01,user_0
1,40.0,F,2020-01-05,user_3
0,41.0,A,2020-01-01,user_2
1,41.0,B,2020-01-08,user_0
2,41.0,C,2020-01-12,user_0
3,41.0,F,2020-01-19,user_1
0,42.0,A,2020-01-01,user_3
1,42.0,C,2020-01-05,user_1
2,42.0,E,2020-01-10,user_3
3,42.0,F,2020-01-15,user_4
0,43.0,A,2020-01-01,user_2
1,43.0,D,2020-01-02,user_2
2,43.0,E,2020-01-04,user_3
3,43.0,F,2020-01-07,user_4
0,44.0,C,2020-01-01,user_2
1,44.0,A,2020-01-08,user_2
2,44.0,D,2020-01-09,user_4
3,44.0,E,2020-01-17,user_0
4,44.0,F,2020-01-25,user_0
0,45.0,C,2020-01-01,user_2
1,45.0,A,2020-01-06,user_1
2,45.0,D,2020-01-11,user_4
3,45.0,F,2020-01-12,user_3
0,46.0,A,2020-01-01,user_2
1,46.0,F,2020-01-03,user_1
0,47.0,A,2020-01-01,user_3
1,47.0,D,2020-01-09,user_4
2,47.0,E,2020-01-12,user_4
3,47.0,F,2020-01-16,user_2
0,48.0,A,2020-01-01,user_4
1,48.0,C,2020-01-04,user_2
2,48.0,F,2020-01-06,user_0
0,49.0,A,2020-01-01,user_1
1,49.0,F,2020-01-06,user_3
2,49.0,D,2020-01-11,user_3
0,50.0,A,2020-01-01,user_4
1,50.0,E,2020-01-03,user_2
2,50.0,C,2020-01-10,user_4
0,51.0,A,2020-01-01,user_2
1,51.0,D,2020-01-10,user_4
2,51.0,E,2020-01-18,user_3
3,51.0,F,2020-01-23,user_0
0,52.0,F,2020-01-01,user_2
1,52.0,A,2020-01-07,user_2
0,53.0,A,2020-01-01,user_2
1,53.0,D,2020-01-08,user_2
2,53.0,E,2020-01-16,user_3
0,54.0,E,2020-01-01,user_3
1,54.0,A,2020-01-08,user_2
2,54.0,F,2020-01-17,user_2
0,55.0,A,2020-01-01,user_3
1,55.0,D,2020-01-08,user_4
0,56.0,A,2020-01-01,user_2
1,56.0,F,2020-01-06,user_2
0,57.0,E,2020-01-01,user_4
1,57.0,A,2020-01-03,user_2
2,57.0,F,2020-01-11,user_4
0,58.0,A,2020-01-01,user_0
1,58.0,C,2020-01-09,user_1
2,58.0,D,2020-01-16,user_2
3,58.0,E,2020-01-23,user_4
4,58.0,F,2020-01-25,user_2
0,59.0,A,2020-01-01,user_3
1,59.0,C,2020-01-10,user_2
2,59.0,D,2020-01-16,user_1
3,59.0,F,2020-01-25,user_3
0,60.0,D,2020-01-01,user_2
1,60.0,A,2020-01-02,user_4
2,60.0,E,2020-01-10,user_0
0,61.0,A,2020-01-01,user_3
1,61.0,F,2020-01-04,user_3
2,61.0,D,2020-01-07,user_1
0,62.0,A,2020-01-01,user_1
1,62.0,F,2020-01-07,user_4
0,63.0,E,2020-01-01,user_2
1,63.0,A,2020-01-09,user_4
0,64.0,E,2020-01-01,user_0
1,64.0,A,2020-01-04,user_2
2,64.0,F,2020-01-05,user_2
0,65.0,A,2020-01-01,user_2
1,65.0,E,2020-01-10,user_2
2,65.0,F,2020-01-16,user_2
0,66.0,A,2020-01-01,user_2
1,66.0,B,2020-01-07,user_1
2,66.0,D,2020-01-15,user_1
3,66.0,F,2020-01-22,user_0
0,67.0,A,2020-01-01,user_2
1,67.0,F,2020-01-07,user_3
0,68.0,D,2020-01-01,user_4
1,68.0,A,2020-01-05,user_1
2,68.0,E,2020-01-08,user_2
3,68.0,F,2020-01-15,user_1
0,69.0,A,2020-01-01,user_2
1,69.0,D,2020-01-07,user_4
2,69.0,F,2020-01-11,user_0
0,70.0,A,2020-01-01,user_1
1,70.0,E,2020-01-03,user_0
2,70.0,F,2020-01-05,user_3
0,71.0,A,2020-01-01,user_2
1,71.0,D,2020-01-03,user_2
2,71.0,E,2020-01-08,user_4
3,71.0,F,2020-01-16,user_0
0,72.0,A,2020-01-01,user_3
1,72.0,F,2020-01-10,user_0
0,73.0,A,2020-01-01,user_2
1,73.0,C,2020-01-05,user_0
2,73.0,F,2020-01-09,user_1
3,73.0,D,2020-01-13,user_3
0,74.0,A,2020-01-01,user_0
1,74.0,E,2020-01-07,user_0
2,74.0,F,2020-01-09,user_3
0,75.0,F,2020-01-01,user_4
1,75.0,A,2020-01-06,user_1
0,76.0,A,2020-01-01,user_3
1,76.0,E,2020-01-02,user_4
2,76.0,F,2020-01-04,user_2
0,77.0,A,2020-01-01,user_0
1,77.0,F,2020-01-02,user_2
0,78.0,A,2020-01-01,user_1
1,78.0,D,2020-01-07,user_0
2,78.0,E,2020-01-12,user_3
3,78.0,F,2020-01-17,user_2
0,79.0,A,2020-01-01,user_4
1,79.0,D,2020-01-08,user_2
2,79.0,F,2020-01-15,user_2
0,80.0,E,2020-01-01,user_4
1,80.0,A,2020-01-02,user_4
2,80.0,F,2020-01-08,user_0
0,81.0,A,2020-01-01,user_2
1,81.0,F,2020-01-08,user_2
2,81.0,D,2020-01-16,user_2
0,82.0,A,2020-01-01,user_2
1,82.0,D,2020-01-03,user_4
2,82.0,E,2020-01-08,user_2
0,83.0,A,2020-01-01,user_0
1,83.0,D,2020-01-05,user_1
2,83.0,C,2020-01-12,user_4
3,83.0,E,2020-01-17,user_3
4,83.0,F,2020-01-21,user_2
0,84.0,A,2020-01-01,user_2
1,84.0,D,2020-01-08,user_1
2,84.0,E,2020-01-13,user_1
3,84.0,F,2020-01-21,user_4
0,85.0,A,2020-01-01,user_4
1,85.0,B,2020-01-06,user_2
2,85.0,D,2020-01-11,user_0
3,85.0,E,2020-01-19,user_0
4,85.0,F,2020-01-25,user_1
0,86.0,A,2020-01-01,user_4
1,86.0,D,2020-01-07,user_1
2,86.0,E,2020-01-14,user_4
3,86.0,C,2020-01-22,user_0
4,86.0,F,2020-01-23,user_1
0,87.0,A,2020-01-01,user_0
1,87.0,D,2020-01-03,user_2
2,87.0,F,2020-01-07,user_1
0,88.0,A,2020-01-01,user_3
1,88.0,C,2020-01-04,user_1
2,88.0,D,2020-01-08,user_2
3,88.0,F,2020-01-14,user_3
0,89.0,A,2020-01-01,user_1
1,89.0,C,2020-01-09,user_1
2,89.0,D,2020-01-16,user_4
3,89.0,E,2020-01-20,user_3
4,89.0,F,2020-01-25,user_3
0,90.0,A,2020-01-01,user_1
1,90.0,D,2020-01-10,user_1
2,90.0,E,2020-01-11,user_4
3,90.0,F,2020-01-12,user_4
0,91.0,C,2020-01-01,user_2
1,91.0,A,2020-01-07,user_2
2,91.0,D,2020-01-08,user_1
3,91.0,E,2020-01-14,user_4
4,91.0,F,2020-01-17,user_2
0,92.0,A,2020-01-01,user_1
1,92.0,C,2020-01-05,user_2
2,92.0,D,2020-01-13,user_2
3,92.0,E,2020-01-18,user_2
4,92.0,F,2020-01-20,user_1
0,93.0,A,2020-01-01,user_1
1,93.0,E,2020-01-08,user_4
2,93.0,F,2020-01-10,user_2
0,94.0,A,2020-01-01,user_1
1,94.0,F,2020-01-07,user_2
2,94.0,D,2020-01-16,user_3
0,95.0,A,2020-01-01,user_1
1,95.0,F,2020-01-05,user_3
0,96.0,A,2020-01-01,user_4
1,96.0,C,2020-01-04,user_0
2,96.0,F,2020-01-08,user_0
0,97.0,A,2020-01-01,user_0
1,97.0,D,2020-01-05,user_2
2,97.0,F,2020-01-13,user_4
0,98.0,A,2020-01-01,user_4
0,99.0,A,2020-01-01,user_1
1,99.0,D,2020-01-04,user_4
2,99.0,F,2020-01-06,user_4
0,100.0,A,2020-01-01,user_4
1,100.0,D,2020-01-08,user_4
2,100.0,F,2020-01-12,user_1
3,100.0,E,2020-01-14,user_2
0,101.0,A,2020-01-01,user_1
1,101.0,E,2020-01-02,user_3
2,101.0,F,2020-01-08,user_0
0,102.0,A,2020-01-01,user_1
1,102.0,D,2020-01-10,user_1
2,102.0,F,2020-01-12,user_4
0,103.0,A,2020-01-01,user_2
1,103.0,D,2020-01-08,user_1
2,103.0,E,2020-01-17,user_1
3,103.0,F,2020-01-25,user_4
0,104.0,A,2020-01-01,user_1
1,104.0,D,2020-01-04,user_2
2,104.0,E,2020-01-09,user_4
0,105.0,A,2020-01-01,user_2
1,105.0,E,2020-01-10,user_0
2,105.0,F,2020-01-16,user_1
0,106.0,A,2020-01-01,user_3
1,106.0,F,2020-01-02,user_4
0,107.0,A,2020-01-01,user_4
1,107.0,E,2020-01-04,user_4
2,107.0,F,2020-01-07,user_1
0,108.0,A,2020-01-01,user_0
1,108.0,F,2020-01-09,user_2
0,109.0,A,2020-01-01,user_0
1,109.0,D,2020-01-04,user_2
2,109.0,F,2020-01-08,user_0
0,110.0,A,2020-01-01,user_3
1,110.0,E,2020-01-07,user_3
2,110.0,F,2020-01-10,user_4
0,111.0,A,2020-01-01,user_3
1,111.0,D,2020-01-08,user_3
2,111.0,E,2020-01-15,user_0
0,112.0,A,2020-01-01,user_2
1,112.0,D,2020-01-05,user_1
2,112.0,F,2020-01-06,user_0
0,113.0,A,2020-01-01,user_2
1,113.0,F,2020-01-07,user_4
0,114.0,E,2020-01-01,user_3
1,114.0,F,2020-01-02,user_3
2,114.0,A,2020-01-07,user_0
0,115.0,A,2020-01-01,user_2
1,115.0,D,2020-01-05,user_1
2,115.0,E,2020-01-11,user_0
0,116.0,F,2020-01-01,user_2
1,116.0,A,2020-01-02,user_3
0,117.0,A,2020-01-01,user_2
1,117.0,E,2020-01-04,user_0
2,117.0,F,2020-01-05,user_2
0,118.0,A,2020-01-01,user_1
1,118.0,F,2020-01-09,user_0
0,119.0,A,2020-01-01,user_4
1,119.0,D,2020-01-10,user_1
2,119.0,E,2020-01-19,user_2
3,119.0,F,2020-01-21,user_4
0,120.0,A,2020-01-01,user_1
1,120.0,E,2020-01-08,user_3
2,120.0,F,2020-01-12,user_2
0,121.0,A,2020-01-01,user_2
1,121.0,E,2020-01-03,user_0
2,121.0,D,2020-01-08,user_2
3,121.0,F,2020-01-12,user_3
0,122.0,A,2020-01-01,user_4
1,122.0,F,2020-01-08,user_4
0,123.0,A,2020-01-01,user_2
0,124.0,A,2020-01-01,user_2
1,124.0,F,2020-01-07,user_2
2,124.0,E,2020-01-12,user_4
0,125.0,A,2020-01-01,user_1
1,125.0,E,2020-01-05,user_3
2,125.0,F,2020-01-12,user_1
0,126.0,A,2020-01-01,user_3
1,126.0,D,2020-01-03,user_0
2,126.0,E,2020-01-05,user_3
0,127.0,A,2020-01-01,user_0
1,127.0,D,2020-01-02,user_3
2,127.0,F,2020-01-11,user_2
0,128.0,A,2020-01-01,user_3
1,128.0,E,2020-01-07,user_4
2,128.0,D,2020-01-11,user_2
0,129.0,A,2020-01-01,user_1
1,129.0,D,2020-01-07,user_1
2,129.0,E,2020-01-15,user_1
3,129.0,F,2020-01-19,user_3
0,130.0,A,2020-01-01,user_2
1,130.0,D,2020-01-05,user_4
2,130.0,C,2020-01-08,user_4
3,130.0,E,2020-01-13,user_1
4,130.0,F,2020-01-20,user_1
0,131.0,A,2020-01-01,user_4
1,131.0,F,2020-01-09,user_4
2,131.0,E,2020-01-16,user_1
0,132.0,A,2020-01-01,user_3
1,132.0,D,2020-01-03,user_2
2,132.0,E,2020-01-12,user_4
3,132.0,F,2020-01-17,user_1
0,133.0,A,2020-01-01,user_4
1,133.0,F,2020-01-02,user_4
0,134.0,A,2020-01-01,user_2
1,134.0,C,2020-01-05,user_4
2,134.0,D,2020-01-14,user_0
3,134.0,E,2020-01-15,user_2
0,135.0,A,2020-01-01,user_1
1,135.0,D,2020-01-09,user_4
2,135.0,F,2020-01-10,user_4
0,136.0,A,2020-01-01,user_3
1,136.0,E,2020-01-06,user_0
0,137.0,A,2020-01-01,user_3
1,137.0,D,2020-01-07,user_2
2,137.0,E,2020-01-08,user_3
3,137.0,F,2020-01-15,user_2
0,138.0,A,2020-01-01,user_4
1,138.0,E,2020-01-04,user_3
0,139.0,D,2020-01-01,user_3
1,139.0,E,2020-01-02,user_1
2,139.0,A,2020-01-07,user_0
3,139.0,F,2020-01-13,user_3
0,140.0,A,2020-01-01,user_3
1,140.0,E,2020-01-07,user_4
0,141.0,E,2020-01-01,user_1
1,141.0,A,2020-01-06,user_4
2,141.0,F,2020-01-14,user_2
0,142.0,A,2020-01-01,user_1
1,142.0,C,2020-01-02,user_1
2,142.0,D,2020-01-06,user_4
3,142.0,E,2020-01-15,user_1
4,142.0,F,2020-01-18,user_1
0,143.0,D,2020-01-01,user_2
1,143.0,A,2020-01-09,user_4
2,143.0,E,2020-01-18,user_2
0,144.0,E,2020-01-01,user_4
1,144.0,A,2020-01-04,user_0
0,145.0,A,2020-01-01,user_3
1,145.0,F,2020-01-05,user_2
0,146.0,A,2020-01-01,user_3
1,146.0,D,2020-01-02,user_4
2,146.0,F,2020-01-06,user_2
0,147.0,D,2020-01-01,user_2
1,147.0,A,2020-01-03,user_2
2,147.0,E,2020-01-08,user_3
0,148.0,A,2020-01-01,user_2
1,148.0,B,2020-01-03,user_1
2,148.0,D,2020-01-11,user_3
3,148.0,F,2020-01-19,user_1
0,149.0,A,2020-01-01,user_1
1,149.0,F,2020-01-08,user_4
0,150.0,A,2020-01-01,user_1
1,150.0,D,2020-01-10,user_1
2,150.0,E,2020-01-16,user_2
3,150.0,F,2020-01-19,user_1
0,151.0,A,2020-01-01,user_3
1,151.0,F,2020-01-10,user_3
0,152.0,A,2020-01-01,user_2
1,152.0,E,2020-01-10,user_4
2,152.0,F,2020-01-18,user_3
0,153.0,A,2020-01-01,user_4
1,153.0,D,2020-01-09,user_3
2,153.0,F,2020-01-15,user_2
0,154.0,A,2020-01-01,user_4
1,154.0,E,2020-01-02,user_3
0,155.0,D,2020-01-01,user_0
1,155.0,E,2020-01-10,user_0
2,155.0,A,2020-01-14,user_4
3,155.0,F,2020-01-17,user_3
0,156.0,A,2020-01-01,user_0
1,156.0,E,2020-01-09,user_0
2,156.0,D,2020-01-16,user_2
3,156.0,F,2020-01-20,user_2
0,157.0,E,2020-01-01,user_1
1,157.0,A,2020-01-08,user_3
2,157.0,F,2020-01-11,user_1
0,158.0,A,2020-01-01,user_0
1,158.0,E,2020-01-07,user_2
2,158.0,D,2020-01-14,user_3
0,159.0,A,2020-01-01,user_3
1,159.0,F,2020-01-06,user_3
0,160.0,A,2020-01-01,user_4
1,160.0,D,2020-01-05,user_3
0,161.0,A,2020-01-01,user_2
1,161.0,E,2020-01-07,user_4
2,161.0,F,2020-01-14,user_0
0,162.0,E,2020-01-01,user_0
1,162.0,A,2020-01-06,user_1
0,163.0,A,2020-01-01,user_2
1,163.0,D,2020-01-02,user_3
2,163.0,E,2020-01-03,user_2
3,163.0,F,2020-01-04,user_0
0,164.0,A,2020-01-01,user_2
1,164.0,E,2020-01-03,user_2
2,164.0,F,2020-01-11,user_3
0,165.0,A,2020-01-01,user_2
1,165.0,D,2020-01-04,user_4
2,165.0,E,2020-01-09,user_2
0,166.0,A,2020-01-01,user_2
1,166.0,E,2020-01-04,user_3
2,166.0,D,2020-01-08,user_3
3,166.0,F,2020-01-14,user_0
0,167.0,A,2020-01-01,user_3
1,167.0,D,2020-01-02,user_2
2,167.0,F,2020-01-07,user_4
3,167.0,E,2020-01-14,user_2
0,168.0,E,2020-01-01,user_3
1,168.0,A,2020-01-06,user_3
2,168.0,F,2020-01-10,user_3
0,169.0,A,2020-01-01,user_0
1,169.0,D,2020-01-10,user_2
2,169.0,F,2020-01-11,user_0
0,170.0,A,2020-01-01,user_4
1,170.0,F,2020-01-04,user_2
2,170.0,D,2020-01-11,user_0
0,171.0,A,2020-01-01,user_0
1,171.0,D,2020-01-02,user_3
2,171.0,F,2020-01-05,user_3
3,171.0,E,2020-01-08,user_4
0,172.0,A,2020-01-01,user_4
1,172.0,F,2020-01-07,user_1
0,173.0,A,2020-01-01,user_0
1,173.0,D,2020-01-05,user_0
2,173.0,E,2020-01-14,user_3
3,173.0,F,2020-01-20,user_2
0,174.0,E,2020-01-01,user_2
1,174.0,F,2020-01-03,user_4
2,174.0,A,2020-01-07,user_2
0,175.0,A,2020-01-01,user_4
1,175.0,D,2020-01-07,user_4
2,175.0,F,2020-01-12,user_1
0,176.0,A,2020-01-01,user_4
1,176.0,C,2020-01-10,user_4
2,176.0,D,2020-01-13,user_4
3,176.0,F,2020-01-16,user_0
0,177.0,A,2020-01-01,user_1
1,177.0,E,2020-01-06,user_1
0,178.0,A,2020-01-01,user_0
1,178.0,C,2020-01-06,user_3
2,178.0,D,2020-01-10,user_0
3,178.0,F,2020-01-14,user_3
4,178.0,E,2020-01-17,user_2
0,179.0,D,2020-01-01,user_1
1,179.0,A,2020-01-10,user_2
2,179.0,F,2020-01-19,user_4
0,180.0,E,2020-01-01,user_3
1,180.0,F,2020-01-04,user_4
2,180.0,A,2020-01-12,user_0
0,181.0,A,2020-01-01,user_0
1,181.0,F,2020-01-10,user_2
0,182.0,A,2020-01-01,user_0
1,182.0,B,2020-01-09,user_2
2,182.0,F,2020-01-10,user_4
0,183.0,A,2020-01-01,user_4
1,183.0,D,2020-01-06,user_0
2,183.0,F,2020-01-10,user_1
0,184.0,A,2020-01-01,user_1
1,184.0,D,2020-01-04,user_4
2,184.0,E,2020-01-06,user_4
3,184.0,F,2020-01-10,user_0
0,185.0,A,2020-01-01,user_4
1,185.0,E,2020-01-04,user_2
2,185.0,F,2020-01-06,user_0
0,186.0,A,2020-01-01,user_1
1,186.0,F,2020-01-07,user_2
0,187.0,A,2020-01-01,user_1
1,187.0,D,2020-01-08,user_0
2,187.0,F,2020-01-11,user_4
3,187.0,E,2020-01-15,user_1
0,188.0,A,2020-01-01,user_3
1,188.0,C,2020-01-09,user_2
0,189.0,D,2020-01-01,user_4
1,189.0,A,2020-01-06,user_0
2,189.0,F,2020-01-15,user_1
0,190.0,A,2020-01-01,user_2
1,190.0,D,2020-01-02,user_1
2,190.0,E,2020-01-04,user_2
3,190.0,F,2020-01-06,user_0
0,191.0,A,2020-01-01,user_1
1,191.0,D,2020-01-05,user_3
2,191.0,E,2020-01-12,user_1
3,191.0,F,2020-01-18,user_0
0,192.0,A,2020-01-01,user_1
1,192.0,D,2020-01-04,user_0
2,192.0,F,2020-01-08,user_2
0,193.0,A,2020-01-01,user_0
1,193.0,C,2020-01-09,user_1
2,193.0,F,2020-01-15,user_0
0,194.0,A,2020-01-01,user_4
1,194.0,E,2020-01-08,user_2
2,194.0,F,2020-01-10,user_0
0,195.0,B,2020-01-01,user_0
1,195.0,A,2020-01-08,user_1
2,195.0,E,2020-01-12,user_1
3,195.0,D,2020-01-19,user_4
0,196.0,A,2020-01-01,user_2
1,196.0,C,2020-01-03,user_2
2,196.0,D,2020-01-08,user_2
3,196.0,F,2020-01-15,user_0
0,197.0,F,2020-01-01,user_0
1,197.0,A,2020-01-07,user_0
0,198.0,A,2020-01-01,user_4
1,198.0,D,2020-01-04,user_3
0,199.0,A,2020-01-01,user_1
1,199.0,D,2020-01-08,user_3
2,199.0,F,2020-01-09,user_3
0,200.0,A,2020-01-01,user_4
1,200.0,C,2020-01-09,user_4
2,200.0,F,2020-01-12,user_3
0,201.0,A,2020-01-01,user_3
1,201.0,D,2020-01-09,user_2
0,202.0,A,2020-01-01,user_0
1,202.0,F,2020-01-10,user_2
2,202.0,D,2020-01-17,user_1
0,204.0,A,2020-01-01,user_4
1,204.0,E,2020-01-09,user_3
2,204.0,D,2020-01-18,user_4
3,204.0,F,2020-01-24,user_4
0,205.0,A,2020-01-01,user_0
1,205.0,D,2020-01-05,user_3
2,205.0,B,2020-01-11,user_3
3,205.0,E,2020-01-20,user_0
4,205.0,F,2020-01-21,user_1
0,206.0,A,2020-01-01,user_1
1,206.0,F,2020-01-09,user_2
0,207.0,A,2020-01-01,user_3
1,207.0,C,2020-01-08,user_4
2,207.0,D,2020-01-14,user_4
3,207.0,E,2020-01-19,user_2
0,208.0,A,2020-01-01,user_4
1,208.0,E,2020-01-10,user_3
2,208.0,D,2020-01-11,user_1
3,208.0,F,2020-01-14,user_3
0,209.0,A,2020-01-01,user_2
1,209.0,C,2020-01-05,user_4
2,209.0,F,2020-01-10,user_2
0,210.0,A,2020-01-01,user_1
1,210.0,C,2020-01-08,user_4
2,210.0,D,2020-01-09,user_4
0,211.0,A,2020-01-01,user_4
1,211.0,F,2020-01-04,user_2
0,212.0,D,2020-01-01,user_2
1,212.0,A,2020-01-10,user_0
2,212.0,E,2020-01-17,user_4
3,212.0,F,2020-01-22,user_2
0,213.0,A,2020-01-01,user_2
1,213.0,F,2020-01-05,user_4
0,214.0,A,2020-01-01,user_4
1,214.0,F,2020-01-09,user_3
0,215.0,A,2020-01-01,user_3
1,215.0,C,2020-01-03,user_1
2,215.0,F,2020-01-07,user_3
3,215.0,D,2020-01-11,user_0
0,216.0,D,2020-01-01,user_3
1,216.0,A,2020-01-02,user_3
2,216.0,F,2020-01-08,user_4
0,217.0,A,2020-01-01,user_4
1,217.0,C,2020-01-03,user_0
2,217.0,F,2020-01-09,user_0
0,218.0,A,2020-01-01,user_3
1,218.0,D,2020-01-06,user_3
2,218.0,E,2020-01-12,user_4
3,218.0,F,2020-01-15,user_0
0,219.0,E,2020-01-01,user_4
1,219.0,A,2020-01-04,user_1
2,219.0,F,2020-01-05,user_1
0,220.0,A,2020-01-01,user_4
1,220.0,F,2020-01-03,user_1
2,220.0,E,2020-01-05,user_3
0,221.0,A,2020-01-01,user_2
1,221.0,F,2020-01-07,user_4
2,221.0,E,2020-01-15,user_2
0,222.0,A,2020-01-01,user_4
1,222.0,E,2020-01-09,user_4
2,222.0,B,2020-01-16,user_4
3,222.0,F,2020-01-20,user_1
0,223.0,A,2020-01-01,user_1
1,223.0,F,2020-01-07,user_1
0,224.0,A,2020-01-01,user_1
1,224.0,F,2020-01-08,user_2
0,225.0,A,2020-01-01,user_2
1,225.0,D,2020-01-06,user_0
2,225.0,E,2020-01-13,user_2
3,225.0,F,2020-01-20,user_0
0,226.0,A,2020-01-01,user_1
1,226.0,D,2020-01-10,user_4
2,226.0,F,2020-01-11,user_2
0,227.0,A,2020-01-01,user_4
1,227.0,F,2020-01-04,user_1
2,227.0,E,2020-01-06,user_1
0,228.0,A,2020-01-01,user_2
1,228.0,D,2020-01-02,user_3
2,228.0,F,2020-01-10,user_2
0,229.0,A,2020-01-01,user_2
1,229.0,C,2020-01-07,user_3
2,229.0,D,2020-01-10,user_3
3,229.0,F,2020-01-12,user_3
0,230.0,A,2020-01-01,user_1
1,230.0,C,2020-01-06,user_2
2,230.0,F,2020-01-12,user_0
0,231.0,B,2020-01-01,user_0
1,231.0,A,2020-01-10,user_4
2,231.0,D,2020-01-14,user_1
3,231.0,E,2020-01-16,user_4
4,231.0,F,2020-01-22,user_2
0,232.0,A,2020-01-01,user_4
1,232.0,D,2020-01-09,user_0
2,232.0,E,2020-01-15,user_4
3,232.0,F,2020-01-18,user_2
0,233.0,A,2020-01-01,user_1
1,233.0,F,2020-01-03,user_1
0,234.0,A,2020-01-01,user_2
0,235.0,A,2020-01-01,user_4
1,235.0,D,2020-01-03,user_3
2,235.0,E,2020-01-07,user_0
3,235.0,F,2020-01-12,user_0
0,236.0,A,2020-01-01,user_2
1,236.0,D,2020-01-07,user_2
2,236.0,F,2020-01-09,user_4
0,237.0,C,2020-01-01,user_2
1,237.0,A,2020-01-07,user_4
2,237.0,F,2020-01-14,user_2
0,238.0,D,2020-01-01,user_0
1,238.0,A,2020-01-07,user_3
2,238.0,E,2020-01-08,user_3
3,238.0,F,2020-01-13,user_2
0,239.0,F,2020-01-01,user_1
1,239.0,A,2020-01-10,user_2
0,240.0,A,2020-01-01,user_0
1,240.0,D,2020-01-09,user_3
2,240.0,F,2020-01-13,user_2
0,241.0,A,2020-01-01,user_0
1,241.0,D,2020-01-02,user_4
2,241.0,E,2020-01-11,user_1
3,241.0,F,2020-01-17,user_2
0,242.0,A,2020-01-01,user_3
1,242.0,D,2020-01-03,user_0
2,242.0,F,2020-01-10,user_2
0,243.0,A,2020-01-01,user_3
1,243.0,B,2020-01-05,user_0
2,243.0,D,2020-01-14,user_4
3,243.0,E,2020-01-17,user_1
4,243.0,F,2020-01-23,user_4
0,244.0,A,2020-01-01,user_0
1,244.0,F,2020-01-02,user_0
2,244.0,E,2020-01-11,user_1
0,245.0,A,2020-01-01,user_0
1,245.0,C,2020-01-02,user_4
2,245.0,F,2020-01-03,user_3
0,246.0,D,2020-01-01,user_4
1,246.0,A,2020-01-07,user_3
2,246.0,E,2020-01-12,user_1
3,246.0,F,2020-01-16,user_2
0,247.0,A,2020-01-01,user_0
1,247.0,E,2020-01-10,user_0
0,248.0,A,2020-01-01,user_4
1,248.0,C,2020-01-04,user_0
2,248.0,F,2020-01-13,user_0
0,249.0,A,2020-01-01,user_2
1,249.0,D,2020-01-06,user_0
2,249.0,E,2020-01-11,user_1
3,249.0,F,2020-01-17,user_0
0,250.0,A,2020-01-01,user_3
1,250.0,D,2020-01-07,user_4
2,250.0,F,2020-01-15,user_2
3,250.0,E,2020-01-16,user_4
0,251.0,D,2020-01-01,user_4
1,251.0,A,2020-01-06,user_0
2,251.0,F,2020-01-15,user_2
0,252.0,F,2020-01-01,user_2
1,252.0,A,2020-01-03,user_1
0,253.0,A,2020-01-01,user_0
1,253.0,E,2020-01-04,user_4
0,254.0,A,2020-01-01,user_2
1,254.0,D,2020-01-05,user_1
2,254.0,F,2020-01-12,user_4
0,255.0,A,2020-01-01,user_0
1,255.0,D,2020-01-03,user_3
0,256.0,A,2020-01-01,user_4
1,256.0,D,2020-01-04,user_0
0,257.0,A,2020-01-01,user_1
1,257.0,B,2020-01-10,user_1
2,257.0,F,2020-01-18,user_2
0,258.0,E,2020-01-01,user_3
1,258.0,A,2020-01-04,user_0
2,258.0,F,2020-01-05,user_2
0,259.0,C,2020-01-01,user_1
1,259.0,A,2020-01-10,user_1
2,259.0,F,2020-01-16,user_1
0,260.0,B,2020-01-01,user_0
1,260.0,A,2020-01-05,user_4
2,260.0,C,2020-01-07,user_0
3,260.0,E,2020-01-08,user_3
4,260.0,F,2020-01-16,user_1
0,261.0,A,2020-01-01,user_0
1,261.0,F,2020-01-09,user_4
2,261.0,C,2020-01-10,user_0
0,262.0,E,2020-01-01,user_4
1,262.0,A,2020-01-07,user_3
0,263.0,A,2020-01-01,user_2
1,263.0,F,2020-01-08,user_1
0,264.0,A,2020-01-01,user_2
1,264.0,F,2020-01-07,user_2
0,265.0,A,2020-01-01,user_2
1,265.0,F,2020-01-06,user_3
2,265.0,E,2020-01-14,user_1
0,266.0,F,2020-01-01,user_3
1,266.0,A,2020-01-10,user_2
0,267.0,A,2020-01-01,user_0
1,267.0,D,2020-01-03,user_1
2,267.0,E,2020-01-06,user_2
3,267.0,F,2020-01-15,user_3
0,268.0,E,2020-01-01,user_4
1,268.0,A,2020-01-09,user_0
2,268.0,F,2020-01-11,user_1
0,269.0,A,2020-01-01,user_4
1,269.0,B,2020-01-09,user_4
2,269.0,D,2020-01-11,user_4
3,269.0,F,2020-01-19,user_3
0,270.0,A,2020-01-01,user_4
1,270.0,B,2020-01-10,user_2
2,270.0,F,2020-01-18,user_0
3,270.0,D,2020-01-22,user_2
0,271.0,A,2020-01-01,user_0
1,271.0,E,2020-01-06,user_0
2,271.0,D,2020-01-14,user_0
3,271.0,F,2020-01-22,user_0
0,272.0,A,2020-01-01,user_0
1,272.0,E,2020-01-04,user_0
2,272.0,F,2020-01-10,user_4
0,273.0,A,2020-01-01,user_4
1,273.0,F,2020-01-06,user_1
0,274.0,A,2020-01-01,user_0
1,274.0,F,2020-01-04,user_0
0,275.0,A,2020-01-01,user_3
1,275.0,E,2020-01-08,user_1
0,276.0,A,2020-01-01,user_1
1,276.0,C,2020-01-03,user_1
2,276.0,D,2020-01-05,user_1
3,276.0,E,2020-01-12,user_2
0,277.0,D,2020-01-01,user_2
1,277.0,A,2020-01-03,user_1
2,277.0,F,2020-01-04,user_2
0,278.0,A,2020-01-01,user_3
1,278.0,B,2020-01-05,user_3
2,278.0,E,2020-01-13,user_0
3,278.0,D,2020-01-14,user_2
4,278.0,F,2020-01-16,user_2
0,279.0,A,2020-01-01,user_3
1,279.0,E,2020-01-08,user_2
2,279.0,F,2020-01-09,user_2
0,280.0,A,2020-01-01,user_2
1,280.0,B,2020-01-04,user_2
2,280.0,E,2020-01-08,user_4
3,280.0,F,2020-01-12,user_0
0,281.0,A,2020-01-01,user_0
1,281.0,D,2020-01-03,user_2
2,281.0,F,2020-01-08,user_1
0,282.0,D,2020-01-01,user_4
1,282.0,A,2020-01-07,user_3
2,282.0,E,2020-01-08,user_2
3,282.0,F,2020-01-09,user_4
0,283.0,A,2020-01-01,user_0
1,283.0,C,2020-01-05,user_0
2,283.0,E,2020-01-08,user_1
3,283.0,F,2020-01-11,user_4
0,284.0,A,2020-01-01,user_4
1,284.0,E,2020-01-10,user_0
2,284.0,F,2020-01-12,user_1
0,285.0,E,2020-01-01,user_4
1,285.0,A,2020-01-04,user_3
0,286.0,A,2020-01-01,user_2
1,286.0,D,2020-01-09,user_3
2,286.0,E,2020-01-16,user_1
3,286.0,F,2020-01-20,user_3
0,287.0,A,2020-01-01,user_4
1,287.0,D,2020-01-05,user_4
2,287.0,E,2020-01-08,user_4
0,288.0,B,2020-01-01,user_1
1,288.0,A,2020-01-02,user_2
2,288.0,D,2020-01-10,user_3
0,289.0,A,2020-01-01,user_1
1,289.0,D,2020-01-08,user_2
2,289.0,F,2020-01-09,user_4
0,290.0,A,2020-01-01,user_0
1,290.0,E,2020-01-07,user_1
2,290.0,F,2020-01-11,user_1
0,291.0,A,2020-01-01,user_2
1,291.0,F,2020-01-05,user_1
0,292.0,E,2020-01-01,user_2
1,292.0,A,2020-01-07,user_2
2,292.0,F,2020-01-15,user_3
0,293.0,A,2020-01-01,user_3
1,293.0,C,2020-01-05,user_1
2,293.0,D,2020-01-07,user_0
3,293.0,F,2020-01-11,user_4
0,294.0,A,2020-01-01,user_2
1,294.0,F,2020-01-03,user_0
0,295.0,A,2020-01-01,user_2
1,295.0,D,2020-01-10,user_3
2,295.0,E,2020-01-14,user_0
0,296.0,A,2020-01-01,user_2
1,296.0,D,2020-01-06,user_3
2,296.0,E,2020-01-10,user_1
3,296.0,F,2020-01-16,user_2
0,297.0,A,2020-01-01,user_4
1,297.0,F,2020-01-10,user_4
2,297.0,E,2020-01-14,user_1
0,298.0,A,2020-01-01,user_3
1,298.0,D,2020-01-09,user_4
2,298.0,E,2020-01-14,user_1
0,299.0,A,2020-01-01,user_1
1,299.0,D,2020-01-03,user_2
2,299.0,E,2020-01-06,user_1
3,299.0,F,2020-01-09,user_1
0,300.0,A,2020-01-01,user_0
1,300.0,D,2020-01-06,user_3
2,300.0,F,2020-01-13,user_3
0,301.0,A,2020-01-01,user_3
0,302.0,A,2020-01-01,user_4
1,302.0,D,2020-01-08,user_0
2,302.0,F,2020-01-16,user_1
0,303.0,A,2020-01-01,user_4
1,303.0,F,2020-01-09,user_0
0,304.0,E,2020-01-01,user_0
1,304.0,A,2020-01-08,user_2
2,304.0,F,2020-01-16,user_0
0,305.0,A,2020-01-01,user_0
1,305.0,E,2020-01-06,user_3
0,306.0,A,2020-01-01,user_1
1,306.0,D,2020-01-06,user_0
2,306.0,E,2020-01-14,user_1
3,306.0,F,2020-01-17,user_0
0,307.0,D,2020-01-01,user_0
1,307.0,A,2020-01-04,user_1
2,307.0,F,2020-01-13,user_0
3,307.0,E,2020-01-20,user_3
0,308.0,A,2020-01-01,user_3
1,308.0,C,2020-01-02,user_0
2,308.0,E,2020-01-09,user_3
0,309.0,A,2020-01-01,user_4
1,309.0,F,2020-01-02,user_0
0,310.0,A,2020-01-01,user_1
1,310.0,E,2020-01-09,user_0
0,311.0,A,2020-01-01,user_4
1,311.0,E,2020-01-09,user_2
2,311.0,F,2020-01-11,user_3
0,312.0,A,2020-01-01,user_4
1,312.0,F,2020-01-10,user_4
0,313.0,A,2020-01-01,user_1
1,313.0,E,2020-01-07,user_4
2,313.0,F,2020-01-12,user_0
0,314.0,A,2020-01-01,user_2
1,314.0,C,2020-01-06,user_0
2,314.0,D,2020-01-08,user_1
3,314.0,E,2020-01-14,user_0
4,314.0,F,2020-01-22,user_1
0,315.0,A,2020-01-01,user_4
1,315.0,D,2020-01-03,user_2
2,315.0,F,2020-01-11,user_4
3,315.0,E,2020-01-14,user_3
0,316.0,A,2020-01-01,user_2
1,316.0,D,2020-01-07,user_0
2,316.0,E,2020-01-16,user_2
0,317.0,A,2020-01-01,user_3
1,317.0,D,2020-01-05,user_0
2,317.0,E,2020-01-11,user_3
3,317.0,F,2020-01-15,user_4
0,318.0,B,2020-01-01,user_3
1,318.0,A,2020-01-05,user_3
2,318.0,F,2020-01-09,user_3
0,319.0,A,2020-01-01,user_3
1,319.0,E,2020-01-02,user_4
2,319.0,F,2020-01-06,user_2
0,320.0,A,2020-01-01,user_1
1,320.0,F,2020-01-04,user_2
2,320.0,D,2020-01-12,user_1
0,321.0,C,2020-01-01,user_3
1,321.0,A,2020-01-07,user_1
0,322.0,A,2020-01-01,user_3
1,322.0,C,2020-01-06,user_3
2,322.0,D,2020-01-13,user_1
3,322.0,E,2020-01-17,user_4
4,322.0,F,2020-01-21,user_0
0,323.0,A,2020-01-01,user_4
1,323.0,F,2020-01-02,user_3
2,323.0,E,2020-01-04,user_4
0,324.0,F,2020-01-01,user_0
1,324.0,A,2020-01-09,user_2
0,325.0,A,2020-01-01,user_3
1,325.0,E,2020-01-05,user_4
2,325.0,F,2020-01-08,user_4
0,326.0,A,2020-01-01,user_1
1,326.0,C,2020-01-10,user_4
2,326.0,D,2020-01-14,user_2
3,326.0,E,2020-01-23,user_3
4,326.0,F,2020-01-27,user_3
0,327.0,A,2020-01-01,user_1
1,327.0,D,2020-01-09,user_3
2,327.0,F,2020-01-17,user_1
0,328.0,A,2020-01-01,user_4
1,328.0,E,2020-01-10,user_3
2,328.0,F,2020-01-15,user_3
0,329.0,A,2020-01-01,user_0
1,329.0,C,2020-01-08,user_1
2,329.0,D,2020-01-09,user_2
3,329.0,E,2020-01-15,user_2
0,330.0,A,2020-01-01,user_3
1,330.0,E,2020-01-10,user_4
2,330.0,F,2020-01-15,user_4
0,331.0,A,2020-01-01,user_3
1,331.0,F,2020-01-09,user_3
0,332.0,D,2020-01-01,user_1
1,332.0,A,2020-01-02,user_0
2,332.0,F,2020-01-07,user_2
0,333.0,A,2020-01-01,user_3
1,333.0,D,2020-01-07,user_2
2,333.0,E,2020-01-12,user_4
3,333.0,F,2020-01-20,user_3
0,334.0,A,2020-01-01,user_4
1,334.0,C,2020-01-08,user_4
2,334.0,F,2020-01-13,user_4
3,334.0,D,2020-01-18,user_1
0,335.0,F,2020-01-01,user_0
1,335.0,A,2020-01-08,user_3
0,336.0,A,2020-01-01,user_1
1,336.0,F,2020-01-05,user_2
2,336.0,D,2020-01-06,user_4
0,337.0,A,2020-01-01,user_0
1,337.0,C,2020-01-03,user_4
2,337.0,E,2020-01-12,user_4
3,337.0,D,2020-01-14,user_1
4,337.0,F,2020-01-15,user_4
0,338.0,D,2020-01-01,user_2
1,338.0,A,2020-01-10,user_4
2,338.0,F,2020-01-16,user_2
0,339.0,B,2020-01-01,user_4
1,339.0,A,2020-01-05,user_3
2,339.0,D,2020-01-13,user_2
3,339.0,F,2020-01-20,user_1
4,339.0,C,2020-01-29,user_4
0,340.0,A,2020-01-01,user_1
1,340.0,D,2020-01-05,user_0
2,340.0,F,2020-01-11,user_4
0,341.0,D,2020-01-01,user_3
1,341.0,A,2020-01-07,user_3
2,341.0,E,2020-01-08,user_3
0,342.0,A,2020-01-01,user_4
1,342.0,C,2020-01-04,user_1
2,342.0,F,2020-01-08,user_4
0,343.0,A,2020-01-01,user_1
1,343.0,F,2020-01-10,user_2
0,344.0,A,2020-01-01,user_1
1,344.0,F,2020-01-04,user_4
2,344.0,D,2020-01-12,user_1
0,345.0,A,2020-01-01,user_2
0,346.0,A,2020-01-01,user_4
1,346.0,D,2020-01-03,user_4
2,346.0,F,2020-01-06,user_0
0,347.0,A,2020-01-01,user_0
1,347.0,B,2020-01-05,user_2
2,347.0,E,2020-01-12,user_3
3,347.0,C,2020-01-18,user_2
4,347.0,F,2020-01-24,user_0
0,348.0,A,2020-01-01,user_0
1,348.0,D,2020-01-10,user_3
0,349.0,A,2020-01-01,user_2
1,349.0,D,2020-01-03,user_4
2,349.0,E,2020-01-06,user_0
3,349.0,F,2020-01-13,user_0
0,350.0,A,2020-01-01,user_0
1,350.0,D,2020-01-02,user_2
2,350.0,E,2020-01-06,user_3
3,350.0,F,2020-01-12,user_2
0,351.0,A,2020-01-01,user_4
1,351.0,C,2020-01-05,user_1
2,351.0,E,2020-01-10,user_0
3,351.0,F,2020-01-14,user_3
4,351.0,D,2020-01-19,user_0
0,352.0,A,2020-01-01,user_3
1,352.0,E,2020-01-02,user_2
2,352.0,D,2020-01-07,user_1
3,352.0,F,2020-01-10,user_2
0,353.0,A,2020-01-01,user_1
1,353.0,E,2020-01-07,user_3
2,353.0,F,2020-01-13,user_3
0,354.0,A,2020-01-01,user_4
1,354.0,D,2020-01-02,user_1
2,354.0,F,2020-01-10,user_0
0,355.0,D,2020-01-01,user_4
1,355.0,A,2020-01-10,user_3
2,355.0,F,2020-01-17,user_0
3,355.0,E,2020-01-21,user_2
0,356.0,F,2020-01-01,user_0
1,356.0,D,2020-01-07,user_3
0,357.0,A,2020-01-01,user_1
1,357.0,C,2020-01-02,user_4
2,357.0,D,2020-01-08,user_3
3,357.0,F,2020-01-10,user_1
0,358.0,A,2020-01-01,user_1
1,358.0,D,2020-01-04,user_4
2,358.0,E,2020-01-06,user_3
3,358.0,F,2020-01-13,user_1
0,359.0,A,2020-01-01,user_0
1,359.0,F,2020-01-03,user_1
0,360.0,A,2020-01-01,user_1
1,360.0,E,2020-01-08,user_0
2,360.0,F,2020-01-15,user_1
0,361.0,A,2020-01-01,user_0
1,361.0,D,2020-01-06,user_0
2,361.0,F,2020-01-10,user_1
0,362.0,D,2020-01-01,user_4
1,362.0,A,2020-01-09,user_3
2,362.0,F,2020-01-15,user_3
0,363.0,F,2020-01-01,user_2
1,363.0,A,2020-01-06,user_0
0,364.0,D,2020-01-01,user_0
1,364.0,A,2020-01-10,user_1
2,364.0,F,2020-01-18,user_4
0,365.0,A,2020-01-01,user_4
1,365.0,B,2020-01-06,user_3
2,365.0,E,2020-01-08,user_2
3,365.0,F,2020-01-10,user_3
0,366.0,A,2020-01-01,user_0
1,366.0,D,2020-01-05,user_2
2,366.0,F,2020-01-13,user_3
3,366.0,E,2020-01-16,user_1
0,367.0,A,2020-01-01,user_3
0,368.0,A,2020-01-01,user_2
1,368.0,B,2020-01-10,user_3
2,368.0,D,2020-01-17,user_2
3,368.0,E,2020-01-19,user_3
4,368.0,F,2020-01-28,user_4
0,369.0,A,2020-01-01,user_1
1,369.0,D,2020-01-09,user_3
2,369.0,F,2020-01-18,user_1
0,370.0,C,2020-01-01,user_1
1,370.0,A,2020-01-06,user_4
2,370.0,D,2020-01-11,user_4
3,370.0,E,2020-01-13,user_3
0,371.0,A,2020-01-01,user_1
1,371.0,D,2020-01-02,user_3
2,371.0,F,2020-01-09,user_2
0,372.0,D,2020-01-01,user_1
1,372.0,A,2020-01-07,user_2
2,372.0,E,2020-01-08,user_3
0,373.0,A,2020-01-01,user_0
1,373.0,F,2020-01-09,user_1
0,374.0,E,2020-01-01,user_2
1,374.0,F,2020-01-05,user_0
2,374.0,A,2020-01-12,user_3
0,375.0,A,2020-01-01,user_1
1,375.0,C,2020-01-09,user_2
2,375.0,F,2020-01-16,user_4
3,375.0,D,2020-01-17,user_4
0,376.0,D,2020-01-01,user_0
1,376.0,A,2020-01-09,user_3
0,377.0,A,2020-01-01,user_0
0,378.0,A,2020-01-01,user_1
1,378.0,D,2020-01-06,user_2
2,378.0,E,2020-01-13,user_3
3,378.0,F,2020-01-21,user_2
0,379.0,A,2020-01-01,user_4
1,379.0,E,2020-01-07,user_4
2,379.0,F,2020-01-09,user_2
3,379.0,D,2020-01-14,user_0
0,380.0,A,2020-01-01,user_0
1,380.0,F,2020-01-08,user_0
0,381.0,C,2020-01-01,user_2
1,381.0,A,2020-01-06,user_2
2,381.0,D,2020-01-09,user_2
0,382.0,A,2020-01-01,user_4
1,382.0,F,2020-01-04,user_3
0,383.0,A,2020-01-01,user_0
0,384.0,A,2020-01-01,user_1
1,384.0,F,2020-01-07,user_4
2,384.0,E,2020-01-11,user_3
0,385.0,A,2020-01-01,user_3
1,385.0,F,2020-01-02,user_0
0,386.0,A,2020-01-01,user_2
1,386.0,D,2020-01-10,user_4
2,386.0,E,2020-01-11,user_4
0,387.0,A,2020-01-01,user_0
1,387.0,D,2020-01-09,user_0
2,387.0,E,2020-01-16,user_1
3,387.0,F,2020-01-20,user_1
0,388.0,A,2020-01-01,user_4
1,388.0,D,2020-01-08,user_2
2,388.0,E,2020-01-13,user_1
3,388.0,F,2020-01-14,user_1
0,389.0,A,2020-01-01,user_2
1,389.0,F,2020-01-06,user_3
2,389.0,D,2020-01-13,user_0
0,390.0,A,2020-01-01,user_4
1,390.0,D,2020-01-03,user_3
2,390.0,F,2020-01-10,user_4
0,391.0,E,2020-01-01,user_2
1,391.0,A,2020-01-09,user_2
2,391.0,F,2020-01-18,user_4
0,392.0,A,2020-01-01,user_2
1,392.0,E,2020-01-10,user_4
0,393.0,B,2020-01-01,user_2
1,393.0,A,2020-01-02,user_3
2,393.0,D,2020-01-09,user_3
3,393.0,F,2020-01-18,user_0
0,394.0,A,2020-01-01,user_0
1,394.0,E,2020-01-04,user_1
2,394.0,F,2020-01-08,user_2
0,395.0,A,2020-01-01,user_0
1,395.0,D,2020-01-02,user_4
2,395.0,E,2020-01-05,user_2
3,395.0,F,2020-01-08,user_0
0,396.0,A,2020-01-01,user_2
1,396.0,D,2020-01-09,user_2
2,396.0,E,2020-01-14,user_1
3,396.0,F,2020-01-16,user_2
0,397.0,A,2020-01-01,user_1
1,397.0,E,2020-01-10,user_0
2,397.0,D,2020-01-11,user_3
3,397.0,F,2020-01-16,user_4
0,398.0,A,2020-01-01,user_1
1,398.0,E,2020-01-05,user_1
2,398.0,F,2020-01-08,user_2
3,398.0,B,2020-01-16,user_4
0,399.0,A,2020-01-01,user_0
1,399.0,E,2020-01-05,user_4
2,399.0,F,2020-01-06,user_3
0,400.0,A,2020-01-01,user_2
1,400.0,D,2020-01-09,user_0
2,400.0,E,2020-01-15,user_0
3,400.0,F,2020-01-16,user_4
0,401.0,A,2020-01-01,user_4
1,401.0,F,2020-01-04,user_3
2,401.0,E,2020-01-06,user_4
0,402.0,A,2020-01-01,user_1
1,402.0,F,2020-01-04,user_3
0,403.0,A,2020-01-01,user_4
1,403.0,D,2020-01-04,user_1
0,404.0,A,2020-01-01,user_3
0,405.0,A,2020-01-01,user_1
1,405.0,F,2020-01-04,user_4
2,405.0,E,2020-01-07,user_3
0,406.0,A,2020-01-01,user_1
1,406.0,B,2020-01-05,user_1
2,406.0,E,2020-01-09,user_3
3,406.0,F,2020-01-17,user_4
0,407.0,A,2020-01-01,user_2
1,407.0,F,2020-01-06,user_1
2,407.0,E,2020-01-09,user_4
0,408.0,A,2020-01-01,user_3
1,408.0,C,2020-01-08,user_2
2,408.0,D,2020-01-15,user_0
3,408.0,F,2020-01-21,user_4
0,409.0,A,2020-01-01,user_4
1,409.0,F,2020-01-08,user_0
0,410.0,A,2020-01-01,user_3
1,410.0,E,2020-01-06,user_1
0,411.0,A,2020-01-01,user_2
1,411.0,D,2020-01-04,user_3
0,412.0,A,2020-01-01,user_3
1,412.0,E,2020-01-08,user_3
2,412.0,F,2020-01-17,user_4
0,413.0,A,2020-01-01,user_1
1,413.0,F,2020-01-02,user_0
0,414.0,A,2020-01-01,user_4
1,414.0,F,2020-01-09,user_4
0,415.0,A,2020-01-01,user_0
1,415.0,E,2020-01-08,user_1
2,415.0,F,2020-01-10,user_2
0,416.0,A,2020-01-01,user_2
1,416.0,C,2020-01-04,user_0
2,416.0,D,2020-01-13,user_1
3,416.0,F,2020-01-14,user_0
0,417.0,A,2020-01-01,user_0
1,417.0,C,2020-01-05,user_3
2,417.0,D,2020-01-10,user_2
3,417.0,E,2020-01-11,user_1
4,417.0,F,2020-01-15,user_3
0,418.0,A,2020-01-01,user_2
1,418.0,E,2020-01-05,user_3
2,418.0,F,2020-01-10,user_3
0,419.0,D,2020-01-01,user_3
1,419.0,A,2020-01-10,user_3
2,419.0,E,2020-01-12,user_1
3,419.0,F,2020-01-16,user_4
0,420.0,E,2020-01-01,user_4
1,420.0,A,2020-01-03,user_0
2,420.0,F,2020-01-04,user_1
0,421.0,A,2020-01-01,user_3
1,421.0,D,2020-01-07,user_0
2,421.0,E,2020-01-10,user_0
3,421.0,F,2020-01-15,user_4
0,422.0,A,2020-01-01,user_2
1,422.0,E,2020-01-06,user_1
2,422.0,F,2020-01-10,user_4
0,423.0,A,2020-01-01,user_4
1,423.0,C,2020-01-04,user_0
2,423.0,E,2020-01-05,user_4
3,423.0,F,2020-01-11,user_3
0,424.0,A,2020-01-01,user_2
1,424.0,C,2020-01-04,user_4
2,424.0,D,2020-01-05,user_4
3,424.0,F,2020-01-13,user_0
0,425.0,A,2020-01-01,user_0
1,425.0,E,2020-01-05,user_4
2,425.0,C,2020-01-09,user_4
3,425.0,F,2020-01-10,user_4
0,426.0,A,2020-01-01,user_4
1,426.0,D,2020-01-10,user_3
2,426.0,C,2020-01-13,user_3
3,426.0,E,2020-01-21,user_3
4,426.0,F,2020-01-22,user_1
0,427.0,A,2020-01-01,user_0
1,427.0,C,2020-01-07,user_1
2,427.0,F,2020-01-14,user_4
0,428.0,A,2020-01-01,user_0
1,428.0,D,2020-01-04,user_2
0,429.0,A,2020-01-01,user_3
1,429.0,E,2020-01-02,user_3
2,429.0,F,2020-01-09,user_2
0,430.0,A,2020-01-01,user_1
1,430.0,C,2020-01-04,user_1
2,430.0,F,2020-01-06,user_3
3,430.0,D,2020-01-13,user_3
0,431.0,A,2020-01-01,user_3
1,431.0,F,2020-01-10,user_2
2,431.0,D,2020-01-17,user_3
0,432.0,A,2020-01-01,user_0
0,433.0,D,2020-01-01,user_3
1,433.0,A,2020-01-05,user_3
2,433.0,E,2020-01-10,user_3
3,433.0,F,2020-01-12,user_3
0,434.0,A,2020-01-01,user_1
1,434.0,D,2020-01-04,user_0
2,434.0,F,2020-01-07,user_0
0,435.0,A,2020-01-01,user_1
1,435.0,B,2020-01-09,user_3
2,435.0,D,2020-01-13,user_0
3,435.0,E,2020-01-14,user_1
4,435.0,F,2020-01-19,user_2
0,436.0,A,2020-01-01,user_4
1,436.0,D,2020-01-10,user_1
2,436.0,E,2020-01-16,user_4
3,436.0,F,2020-01-23,user_1
0,437.0,A,2020-01-01,user_0
1,437.0,E,2020-01-03,user_1
2,437.0,F,2020-01-04,user_4
0,438.0,A,2020-01-01,user_3
1,438.0,F,2020-01-05,user_1
0,439.0,A,2020-01-01,user_2
1,439.0,F,2020-01-05,user_0
2,439.0,D,2020-01-07,user_1
0,440.0,A,2020-01-01,user_3
1,440.0,D,2020-01-08,user_2
2,440.0,F,2020-01-15,user_1
0,441.0,A,2020-01-01,user_3
1,441.0,E,2020-01-02,user_3
2,441.0,B,2020-01-07,user_3
3,441.0,F,2020-01-14,user_4
0,442.0,D,2020-01-01,user_2
1,442.0,A,2020-01-09,user_0
2,442.0,F,2020-01-12,user_3
0,443.0,A,2020-01-01,user_4
1,443.0,E,2020-01-05,user_0
0,444.0,D,2020-01-01,user_1
1,444.0,F,2020-01-05,user_1
2,444.0,A,2020-01-11,user_1
0,445.0,C,2020-01-01,user_4
1,445.0,A,2020-01-07,user_2
2,445.0,F,2020-01-16,user_0
0,446.0,A,2020-01-01,user_2
1,446.0,D,2020-01-06,user_0
2,446.0,F,2020-01-12,user_2
0,447.0,A,2020-01-01,user_3
1,447.0,D,2020-01-05,user_3
2,447.0,F,2020-01-13,user_1
3,447.0,E,2020-01-22,user_4
0,448.0,A,2020-01-01,user_2
1,448.0,C,2020-01-10,user_4
2,448.0,E,2020-01-12,user_3
3,448.0,F,2020-01-20,user_2
0,449.0,A,2020-01-01,user_1
1,449.0,D,2020-01-02,user_0
0,450.0,A,2020-01-01,user_1
1,450.0,D,2020-01-10,user_2
2,450.0,E,2020-01-19,user_2
0,451.0,A,2020-01-01,user_2
1,451.0,E,2020-01-09,user_2
2,451.0,F,2020-01-18,user_3
0,452.0,A,2020-01-01,user_1
0,453.0,A,2020-01-01,user_4
1,453.0,F,2020-01-04,user_2
0,454.0,A,2020-01-01,user_3
1,454.0,D,2020-01-03,user_0
2,454.0,F,2020-01-12,user_2
0,455.0,A,2020-01-01,user_1
1,455.0,F,2020-01-09,user_0
0,456.0,C,2020-01-01,user_4
1,456.0,A,2020-01-02,user_4
2,456.0,D,2020-01-09,user_4
3,456.0,E,2020-01-15,user_0
4,456.0,F,2020-01-21,user_3
0,457.0,A,2020-01-01,user_4
1,457.0,E,2020-01-02,user_3
2,457.0,F,2020-01-06,user_3
0,458.0,A,2020-01-01,user_3
1,458.0,D,2020-01-04,user_4
2,458.0,F,2020-01-12,user_3
3,458.0,E,2020-01-17,user_4
0,459.0,A,2020-01-01,user_4
1,459.0,E,2020-01-04,user_3
2,459.0,F,2020-01-07,user_2
0,460.0,D,2020-01-01,user_3
1,460.0,A,2020-01-09,user_2
2,460.0,F,2020-01-17,user_1
0,461.0,A,2020-01-01,user_0
1,461.0,C,2020-01-07,user_3
2,461.0,D,2020-01-16,user_1
3,461.0,F,2020-01-19,user_3
0,462.0,E,2020-01-01,user_0
1,462.0,A,2020-01-04,user_3
0,463.0,A,2020-01-01,user_3
1,463.0,E,2020-01-10,user_1
0,464.0,D,2020-01-01,user_4
1,464.0,A,2020-01-04,user_0
2,464.0,E,2020-01-09,user_0
3,464.0,F,2020-01-17,user_4
0,465.0,A,2020-01-01,user_3
1,465.0,D,2020-01-06,user_3
2,465.0,F,2020-01-11,user_2
0,466.0,A,2020-01-01,user_3
1,466.0,D,2020-01-07,user_3
2,466.0,F,2020-01-13,user_2
0,467.0,E,2020-01-01,user_2
1,467.0,A,2020-01-10,user_3
2,467.0,F,2020-01-19,user_1
0,468.0,A,2020-01-01,user_0
1,468.0,E,2020-01-10,user_4
0,469.0,F,2020-01-01,user_1
1,469.0,E,2020-01-05,user_4
0,470.0,D,2020-01-01,user_1
1,470.0,F,2020-01-04,user_0
2,470.0,A,2020-01-12,user_1
0,471.0,C,2020-01-01,user_2
1,471.0,A,2020-01-05,user_1
2,471.0,F,2020-01-07,user_1
0,472.0,A,2020-01-01,user_4
1,472.0,F,2020-01-02,user_4
0,473.0,A,2020-01-01,user_0
1,473.0,F,2020-01-05,user_2
0,474.0,A,2020-01-01,user_3
1,474.0,F,2020-01-03,user_1
2,474.0,D,2020-01-06,user_3
0,475.0,A,2020-01-01,user_2
1,475.0,D,2020-01-10,user_3
2,475.0,F,2020-01-14,user_2
0,476.0,D,2020-01-01,user_3
1,476.0,A,2020-01-10,user_3
2,476.0,F,2020-01-11,user_2
0,477.0,A,2020-01-01,user_0
1,477.0,D,2020-01-09,user_2
2,477.0,F,2020-01-10,user_3
0,478.0,A,2020-01-01,user_4
1,478.0,D,2020-01-04,user_3
2,478.0,F,2020-01-11,user_0
0,479.0,A,2020-01-01,user_4
1,479.0,C,2020-01-07,user_0
2,479.0,D,2020-01-12,user_0
3,479.0,F,2020-01-14,user_0
0,480.0,A,2020-01-01,user_0
1,480.0,B,2020-01-10,user_4
2,480.0,D,2020-01-15,user_3
3,480.0,E,2020-01-22,user_3
4,480.0,F,2020-01-26,user_4
0,481.0,A,2020-01-01,user_2
1,481.0,C,2020-01-09,user_4
2,481.0,D,2020-01-10,user_0
3,481.0,E,2020-01-14,user_1
4,481.0,F,2020-01-19,user_1
0,482.0,A,2020-01-01,user_0
1,482.0,C,2020-01-03,user_2
2,482.0,F,2020-01-04,user_1
0,483.0,A,2020-01-01,user_1
1,483.0,B,2020-01-07,user_1
2,483.0,F,2020-01-09,user_0
0,484.0,A,2020-01-01,user_4
1,484.0,D,2020-01-04,user_1
0,485.0,C,2020-01-01,user_4
1,485.0,A,2020-01-07,user_3
2,485.0,D,2020-01-13,user_2
3,485.0,E,2020-01-21,user_2
4,485.0,F,2020-01-25,user_4
0,486.0,A,2020-01-01,user_0
1,486.0,F,2020-01-08,user_4
0,487.0,A,2020-01-01,user_0
0,488.0,A,2020-01-01,user_1
1,488.0,F,2020-01-03,user_1
0,489.0,A,2020-01-01,user_4
1,489.0,F,2020-01-07,user_2
2,489.0,E,2020-01-11,user_3
0,490.0,A,2020-01-01,user_4
1,490.0,E,2020-01-10,user_4
2,490.0,C,2020-01-16,user_0
3,490.0,F,2020-01-18,user_3
0,491.0,A,2020-01-01,user_0
1,491.0,D,2020-01-02,user_0
2,491.0,F,2020-01-11,user_4
3,491.0,E,2020-01-20,user_4
0,492.0,D,2020-01-01,user_0
1,492.0,A,2020-01-10,user_1
2,492.0,E,2020-01-14,user_2
3,492.0,F,2020-01-16,user_4
0,493.0,C,2020-01-01,user_2
1,493.0,D,2020-01-03,user_2
2,493.0,F,2020-01-07,user_2
0,494.0,A,2020-01-01,user_0
1,494.0,C,2020-01-09,user_1
2,494.0,F,2020-01-15,user_4
0,495.0,A,2020-01-01,user_2
1,495.0,F,2020-01-10,user_4
2,495.0,E,2020-01-15,user_2
0,496.0,A,2020-01-01,user_2
1,496.0,D,2020-01-10,user_4
2,496.0,F,2020-01-15,user_4
0,497.0,C,2020-01-01,user_1
1,497.0,A,2020-01-03,user_0
2,497.0,E,2020-01-12,user_0
3,497.0,F,2020-01-18,user_3
0,498.0,A,2020-01-01,user_2
1,498.0,F,2020-01-03,user_0
0,499.0,E,2020-01-01,user_1
1,499.0,F,2020-01-09,user_0
2,499.0,A,2020-01-17,user_1
0,500.0,F,2020-01-01,user_4
1,500.0,A,2020-01-05,user_0
0,501.0,A,2020-01-01,user_1
1,501.0,D,2020-01-10,user_2
2,501.0,E,2020-01-11,user_1
0,502.0,A,2020-01-01,user_3
1,502.0,F,2020-01-06,user_4
0,503.0,A,2020-01-01,user_1
1,503.0,D,2020-01-02,user_4
2,503.0,E,2020-01-08,user_3
0,504.0,A,2020-01-01,user_0
1,504.0,F,2020-01-08,user_4
0,505.0,A,2020-01-01,user_4
0,506.0,A,2020-01-01,user_1
1,506.0,F,2020-01-08,user_2
0,507.0,A,2020-01-01,user_2
1,507.0,E,2020-01-08,user_2
2,507.0,F,2020-01-09,user_1
0,508.0,A,2020-01-01,user_4
1,508.0,E,2020-01-09,user_4
2,508.0,F,2020-01-10,user_0
0,509.0,A,2020-01-01,user_0
1,509.0,D,2020-01-05,user_1
2,509.0,F,2020-01-11,user_3
0,510.0,A,2020-01-01,user_0
1,510.0,E,2020-01-08,user_4
2,510.0,D,2020-01-09,user_3
3,510.0,F,2020-01-15,user_1
0,511.0,A,2020-01-01,user_4
1,511.0,C,2020-01-07,user_4
2,511.0,D,2020-01-09,user_1
3,511.0,F,2020-01-18,user_2
4,511.0,E,2020-01-27,user_1
0,512.0,A,2020-01-01,user_2
1,512.0,E,2020-01-04,user_0
2,512.0,F,2020-01-10,user_4
0,513.0,A,2020-01-01,user_0
1,513.0,D,2020-01-10,user_3
2,513.0,E,2020-01-12,user_2
3,513.0,F,2020-01-13,user_1
0,514.0,A,2020-01-01,user_2
1,514.0,E,2020-01-02,user_2
2,514.0,F,2020-01-04,user_2
0,515.0,A,2020-01-01,user_1
1,515.0,F,2020-01-04,user_4
0,516.0,A,2020-01-01,user_1
1,516.0,E,2020-01-08,user_3
2,516.0,F,2020-01-14,user_0
0,517.0,E,2020-01-01,user_3
1,517.0,A,2020-01-07,user_0
2,517.0,F,2020-01-16,user_1
0,518.0,C,2020-01-01,user_2
1,518.0,D,2020-01-05,user_1
2,518.0,A,2020-01-14,user_0
3,518.0,E,2020-01-20,user_0
4,518.0,F,2020-01-25,user_3
0,519.0,A,2020-01-01,user_2
1,519.0,D,2020-01-05,user_3
2,519.0,F,2020-01-14,user_2
3,519.0,E,2020-01-22,user_1
0,520.0,A,2020-01-01,user_3
1,520.0,C,2020-01-05,user_1
2,520.0,D,2020-01-06,user_0
0,521.0,A,2020-01-01,user_1
1,521.0,E,2020-01-02,user_3
2,521.0,D,2020-01-07,user_3
3,521.0,F,2020-01-15,user_2
0,522.0,A,2020-01-01,user_2
1,522.0,D,2020-01-03,user_3
2,522.0,F,2020-01-05,user_0
3,522.0,E,2020-01-07,user_3
0,523.0,D,2020-01-01,user_2
1,523.0,A,2020-01-08,user_2
2,523.0,F,2020-01-12,user_1
0,524.0,C,2020-01-01,user_3
1,524.0,A,2020-01-06,user_3
2,524.0,D,2020-01-07,user_2
0,525.0,F,2020-01-01,user_2
1,525.0,A,2020-01-05,user_4
0,526.0,C,2020-01-01,user_0
1,526.0,A,2020-01-08,user_1
2,526.0,D,2020-01-16,user_0
3,526.0,F,2020-01-20,user_1
4,526.0,E,2020-01-23,user_1
0,527.0,F,2020-01-01,user_4
1,527.0,A,2020-01-08,user_2
0,528.0,A,2020-01-01,user_1
1,528.0,F,2020-01-07,user_1
0,529.0,A,2020-01-01,user_3
1,529.0,B,2020-01-03,user_4
2,529.0,D,2020-01-06,user_3
3,529.0,F,2020-01-08,user_4
0,530.0,A,2020-01-01,user_4
1,530.0,C,2020-01-07,user_1
2,530.0,D,2020-01-15,user_0
3,530.0,F,2020-01-21,user_0
4,530.0,E,2020-01-24,user_3
0,531.0,A,2020-01-01,user_0
1,531.0,C,2020-01-10,user_1
2,531.0,F,2020-01-19,user_4
3,531.0,E,2020-01-24,user_1
0,532.0,A,2020-01-01,user_4
1,532.0,D,2020-01-07,user_2
2,532.0,F,2020-01-13,user_2
3,532.0,E,2020-01-18,user_4
0,533.0,C,2020-01-01,user_4
1,533.0,A,2020-01-10,user_0
2,533.0,E,2020-01-19,user_4
0,534.0,C,2020-01-01,user_1
1,534.0,A,2020-01-02,user_4
2,534.0,E,2020-01-11,user_2
3,534.0,F,2020-01-19,user_1
0,535.0,A,2020-01-01,user_1
1,535.0,F,2020-01-07,user_0
0,536.0,A,2020-01-01,user_3
1,536.0,D,2020-01-08,user_1
2,536.0,F,2020-01-14,user_1
0,537.0,E,2020-01-01,user_0
1,537.0,A,2020-01-09,user_1
2,537.0,F,2020-01-18,user_2
0,538.0,A,2020-01-01,user_3
1,538.0,B,2020-01-09,user_0
2,538.0,E,2020-01-11,user_1
3,538.0,F,2020-01-16,user_1
0,539.0,A,2020-01-01,user_2
1,539.0,E,2020-01-09,user_3
2,539.0,F,2020-01-14,user_3
0,540.0,D,2020-01-01,user_3
1,540.0,A,2020-01-05,user_2
2,540.0,F,2020-01-06,user_1
0,541.0,D,2020-01-01,user_3
1,541.0,E,2020-01-08,user_1
2,541.0,A,2020-01-17,user_4
3,541.0,F,2020-01-20,user_4
0,542.0,A,2020-01-01,user_2
0,543.0,A,2020-01-01,user_4
1,543.0,C,2020-01-02,user_2
2,543.0,D,2020-01-08,user_3
3,543.0,F,2020-01-09,user_1
0,544.0,A,2020-01-01,user_2
1,544.0,F,2020-01-05,user_1
0,545.0,A,2020-01-01,user_2
1,545.0,D,2020-01-10,user_4
0,546.0,A,2020-01-01,user_3
1,546.0,D,2020-01-09,user_3
2,546.0,F,2020-01-10,user_4
0,547.0,A,2020-01-01,user_0
1,547.0,F,2020-01-04,user_1
0,548.0,F,2020-01-01,user_2
1,548.0,A,2020-01-04,user_3
0,549.0,A,2020-01-01,user_1
1,549.0,E,2020-01-08,user_1
2,549.0,F,2020-01-10,user_3
0,550.0,A,2020-01-01,user_0
1,550.0,F,2020-01-04,user_1
0,551.0,A,2020-01-01,user_1
1,551.0,F,2020-01-07,user_0
2,551.0,E,2020-01-16,user_1
0,552.0,D,2020-01-01,user_2
1,552.0,A,2020-01-09,user_4
2,552.0,F,2020-01-11,user_4
0,553.0,A,2020-01-01,user_4
1,553.0,D,2020-01-06,user_2
2,553.0,E,2020-01-07,user_0
3,553.0,F,2020-01-16,user_4
0,554.0,A,2020-01-01,user_0
1,554.0,D,2020-01-08,user_4
2,554.0,E,2020-01-15,user_0
3,554.0,F,2020-01-23,user_1
0,555.0,A,2020-01-01,user_3
1,555.0,D,2020-01-04,user_0
2,555.0,F,2020-01-13,user_1
0,556.0,A,2020-01-01,user_3
1,556.0,B,2020-01-03,user_4
2,556.0,D,2020-01-09,user_0
3,556.0,E,2020-01-17,user_2
4,556.0,F,2020-01-23,user_3
0,557.0,A,2020-01-01,user_0
1,557.0,D,2020-01-04,user_4
2,557.0,E,2020-01-06,user_2
3,557.0,B,2020-01-13,user_1
4,557.0,F,2020-01-22,user_2
0,558.0,A,2020-01-01,user_0
1,558.0,E,2020-01-04,user_3
2,558.0,F,2020-01-05,user_0
0,559.0,A,2020-01-01,user_1
1,559.0,F,2020-01-09,user_1
0,560.0,E,2020-01-01,user_2
1,560.0,A,2020-01-02,user_0
2,560.0,F,2020-01-06,user_4
0,561.0,A,2020-01-01,user_0
1,561.0,D,2020-01-06,user_0
2,561.0,F,2020-01-07,user_1
3,561.0,E,2020-01-09,user_2
0,562.0,A,2020-01-01,user_0
1,562.0,D,2020-01-07,user_3
2,562.0,E,2020-01-16,user_3
3,562.0,F,2020-01-20,user_4
0,563.0,A,2020-01-01,user_4
1,563.0,E,2020-01-03,user_2
2,563.0,F,2020-01-09,user_2
0,564.0,A,2020-01-01,user_2
1,564.0,F,2020-01-04,user_1
2,564.0,D,2020-01-05,user_0
0,565.0,A,2020-01-01,user_4
1,565.0,B,2020-01-08,user_4
2,565.0,D,2020-01-16,user_4
3,565.0,F,2020-01-22,user_3
4,565.0,E,2020-01-31,user_0
0,566.0,A,2020-01-01,user_4
0,567.0,A,2020-01-01,user_0
1,567.0,F,2020-01-04,user_2
2,567.0,C,2020-01-09,user_1
0,568.0,A,2020-01-01,user_0
1,568.0,D,2020-01-06,user_2
2,568.0,F,2020-01-07,user_2
3,568.0,E,2020-01-16,user_3
0,569.0,A,2020-01-01,user_2
1,569.0,F,2020-01-08,user_0
0,570.0,D,2020-01-01,user_3
1,570.0,A,2020-01-10,user_3
2,570.0,F,2020-01-15,user_0
0,571.0,B,2020-01-01,user_2
1,571.0,A,2020-01-03,user_0
2,571.0,E,2020-01-12,user_1
3,571.0,F,2020-01-19,user_4
0,572.0,A,2020-01-01,user_1
1,572.0,E,2020-01-08,user_2
0,573.0,A,2020-01-01,user_1
0,574.0,E,2020-01-01,user_0
1,574.0,F,2020-01-05,user_2
2,574.0,A,2020-01-06,user_3
0,575.0,A,2020-01-01,user_0
1,575.0,D,2020-01-06,user_2
2,575.0,F,2020-01-10,user_4
0,576.0,A,2020-01-01,user_2
1,576.0,B,2020-01-02,user_0
2,576.0,D,2020-01-06,user_1
3,576.0,F,2020-01-13,user_3
0,577.0,A,2020-01-01,user_2
1,577.0,D,2020-01-09,user_0
0,578.0,A,2020-01-01,user_3
1,578.0,E,2020-01-08,user_4
0,579.0,A,2020-01-01,user_1
1,579.0,F,2020-01-10,user_3
2,579.0,D,2020-01-16,user_4
0,580.0,A,2020-01-01,user_2
1,580.0,D,2020-01-10,user_3
2,580.0,E,2020-01-16,user_0
3,580.0,F,2020-01-19,user_4
0,581.0,D,2020-01-01,user_2
1,581.0,A,2020-01-02,user_3
2,581.0,E,2020-01-03,user_3
0,582.0,A,2020-01-01,user_2
1,582.0,B,2020-01-05,user_2
2,582.0,D,2020-01-13,user_3
3,582.0,F,2020-01-22,user_2
0,583.0,A,2020-01-01,user_3
1,583.0,E,2020-01-06,user_3
2,583.0,F,2020-01-07,user_2
0,584.0,A,2020-01-01,user_3
1,584.0,C,2020-01-06,user_1
2,584.0,B,2020-01-15,user_0
3,584.0,D,2020-01-24,user_1
4,584.0,F,2020-01-26,user_0
0,585.0,A,2020-01-01,user_3
1,585.0,D,2020-01-06,user_2
2,585.0,F,2020-01-08,user_1
0,586.0,A,2020-01-01,user_4
1,586.0,E,2020-01-09,user_4
2,586.0,F,2020-01-14,user_1
0,587.0,A,2020-01-01,user_1
1,587.0,F,2020-01-03,user_3
0,588.0,A,2020-01-01,user_2
1,588.0,F,2020-01-09,user_1
2,588.0,E,2020-01-13,user_2
0,589.0,A,2020-01-01,user_0
1,589.0,D,2020-01-08,user_4
0,590.0,A,2020-01-01,user_1
1,590.0,E,2020-01-03,user_0
0,591.0,A,2020-01-01,user_3
1,591.0,D,2020-01-10,user_3
2,591.0,F,2020-01-15,user_4
3,591.0,E,2020-01-19,user_2
0,592.0,A,2020-01-01,user_2
1,592.0,E,2020-01-03,user_3
2,592.0,F,2020-01-09,user_4
0,593.0,D,2020-01-01,user_4
1,593.0,A,2020-01-07,user_3
2,593.0,F,2020-01-09,user_3
0,594.0,A,2020-01-01,user_1
1,594.0,B,2020-01-07,user_3
2,594.0,F,2020-01-13,user_1
0,595.0,A,2020-01-01,user_1
1,595.0,F,2020-01-08,user_0
0,596.0,D,2020-01-01,user_0
1,596.0,A,2020-01-06,user_3
2,596.0,E,2020-01-08,user_4
0,597.0,A,2020-01-01,user_4
1,597.0,D,2020-01-05,user_4
2,597.0,F,2020-01-09,user_3
0,598.0,A,2020-01-01,user_3
1,598.0,B,2020-01-02,user_0
0,599.0,A,2020-01-01,user_2
1,599.0,D,2020-01-09,user_1
2,599.0,E,2020-01-18,user_1
3,599.0,F,2020-01-27,user_4
0,600.0,A,2020-01-01,user_4
1,600.0,B,2020-01-06,user_4
2,600.0,F,2020-01-08,user_3
0,601.0,F,2020-01-01,user_4
1,601.0,A,2020-01-09,user_1
0,602.0,A,2020-01-01,user_2
1,602.0,C,2020-01-05,user_1
2,602.0,D,2020-01-14,user_4
3,602.0,E,2020-01-17,user_1
4,602.0,F,2020-01-19,user_0
0,603.0,A,2020-01-01,user_3
1,603.0,F,2020-01-06,user_3
2,603.0,D,2020-01-09,user_1
0,604.0,C,2020-01-01,user_0
1,604.0,A,2020-01-10,user_4
0,605.0,A,2020-01-01,user_4
1,605.0,D,2020-01-05,user_4
2,605.0,E,2020-01-10,user_1
3,605.0,F,2020-01-19,user_1
0,606.0,A,2020-01-01,user_0
1,606.0,E,2020-01-08,user_3
2,606.0,F,2020-01-12,user_2
0,607.0,A,2020-01-01,user_0
1,607.0,E,2020-01-04,user_3
2,607.0,C,2020-01-06,user_2
3,607.0,F,2020-01-09,user_4
0,608.0,A,2020-01-01,user_3
1,608.0,D,2020-01-03,user_1
0,609.0,A,2020-01-01,user_4
1,609.0,F,2020-01-10,user_0
2,609.0,D,2020-01-19,user_4
0,610.0,A,2020-01-01,user_2
1,610.0,E,2020-01-06,user_3
0,611.0,A,2020-01-01,user_3
1,611.0,F,2020-01-03,user_1
0,612.0,A,2020-01-01,user_3
1,612.0,F,2020-01-03,user_3
0,613.0,A,2020-01-01,user_0
1,613.0,F,2020-01-04,user_3
0,614.0,A,2020-01-01,user_4
1,614.0,F,2020-01-05,user_1
0,615.0,F,2020-01-01,user_0
1,615.0,A,2020-01-10,user_2
0,616.0,A,2020-01-01,user_2
1,616.0,F,2020-01-07,user_0
2,616.0,D,2020-01-12,user_1
0,617.0,A,2020-01-01,user_1
1,617.0,F,2020-01-04,user_0
0,618.0,D,2020-01-01,user_1
1,618.0,A,2020-01-05,user_4
2,618.0,F,2020-01-10,user_0
0,619.0,A,2020-01-01,user_0
1,619.0,D,2020-01-07,user_4
2,619.0,F,2020-01-10,user_1
0,620.0,A,2020-01-01,user_3
1,620.0,B,2020-01-08,user_0
2,620.0,E,2020-01-09,user_3
0,621.0,A,2020-01-01,user_2
1,621.0,D,2020-01-03,user_1
2,621.0,F,2020-01-04,user_2
0,622.0,A,2020-01-01,user_0
1,622.0,E,2020-01-03,user_4
2,622.0,B,2020-01-05,user_3
3,622.0,F,2020-01-08,user_2
0,623.0,A,2020-01-01,user_2
1,623.0,D,2020-01-04,user_4
2,623.0,F,2020-01-09,user_3
0,624.0,A,2020-01-01,user_3
1,624.0,F,2020-01-10,user_0
0,625.0,A,2020-01-01,user_0
1,625.0,E,2020-01-10,user_4
0,626.0,A,2020-01-01,user_2
1,626.0,B,2020-01-06,user_3
2,626.0,D,2020-01-15,user_4
3,626.0,E,2020-01-19,user_3
4,626.0,F,2020-01-25,user_3
0,627.0,A,2020-01-01,user_1
1,627.0,F,2020-01-07,user_3
0,628.0,A,2020-01-01,user_4
1,628.0,F,2020-01-05,user_4
0,629.0,A,2020-01-01,user_4
1,629.0,F,2020-01-07,user_3
0,630.0,A,2020-01-01,user_3
1,630.0,E,2020-01-03,user_3
0,631.0,A,2020-01-01,user_0
1,631.0,D,2020-01-06,user_2
2,631.0,F,2020-01-08,user_1
3,631.0,E,2020-01-14,user_2
0,632.0,D,2020-01-01,user_2
1,632.0,A,2020-01-10,user_2
0,633.0,E,2020-01-01,user_1
1,633.0,A,2020-01-05,user_1
2,633.0,F,2020-01-12,user_1
0,634.0,A,2020-01-01,user_0
1,634.0,E,2020-01-10,user_3
2,634.0,D,2020-01-14,user_3
0,635.0,A,2020-01-01,user_3
1,635.0,D,2020-01-08,user_4
2,635.0,E,2020-01-15,user_4
0,636.0,A,2020-01-01,user_3
1,636.0,F,2020-01-09,user_1
0,637.0,A,2020-01-01,user_4
1,637.0,D,2020-01-10,user_3
2,637.0,E,2020-01-16,user_2
0,638.0,A,2020-01-01,user_3
1,638.0,D,2020-01-02,user_2
2,638.0,E,2020-01-09,user_4
3,638.0,F,2020-01-12,user_3
0,639.0,A,2020-01-01,user_1
1,639.0,E,2020-01-10,user_2
2,639.0,C,2020-01-19,user_1
3,639.0,F,2020-01-21,user_1
0,640.0,A,2020-01-01,user_4
1,640.0,F,2020-01-03,user_4
0,641.0,F,2020-01-01,user_0
1,641.0,A,2020-01-02,user_4
0,642.0,C,2020-01-01,user_1
1,642.0,A,2020-01-08,user_4
2,642.0,E,2020-01-11,user_3
0,643.0,A,2020-01-01,user_3
1,643.0,F,2020-01-08,user_0
2,643.0,E,2020-01-13,user_1
0,644.0,E,2020-01-01,user_3
1,644.0,A,2020-01-06,user_2
2,644.0,F,2020-01-15,user_0
0,645.0,A,2020-01-01,user_3
1,645.0,E,2020-01-08,user_4
0,646.0,A,2020-01-01,user_4
1,646.0,D,2020-01-09,user_3
2,646.0,E,2020-01-13,user_4
0,647.0,A,2020-01-01,user_0
1,647.0,E,2020-01-04,user_2
0,648.0,A,2020-01-01,user_2
1,648.0,C,2020-01-05,user_3
2,648.0,D,2020-01-08,user_0
3,648.0,E,2020-01-11,user_1
4,648.0,F,2020-01-15,user_0
0,649.0,A,2020-01-01,user_1
1,649.0,E,2020-01-05,user_3
2,649.0,F,2020-01-09,user_3
0,650.0,A,2020-01-01,user_4
1,650.0,D,2020-01-10,user_0
2,650.0,F,2020-01-11,user_2
0,651.0,A,2020-01-01,user_1
1,651.0,D,2020-01-09,user_4
2,651.0,F,2020-01-10,user_2
0,652.0,F,2020-01-01,user_4
1,652.0,A,2020-01-07,user_4
0,653.0,F,2020-01-01,user_0
1,653.0,A,2020-01-06,user_3
0,654.0,A,2020-01-01,user_3
1,654.0,C,2020-01-09,user_0
2,654.0,F,2020-01-16,user_0
0,655.0,A,2020-01-01,user_4
1,655.0,D,2020-01-02,user_0
2,655.0,C,2020-01-07,user_3
3,655.0,F,2020-01-08,user_0
0,656.0,A,2020-01-01,user_3
1,656.0,F,2020-01-05,user_3
2,656.0,E,2020-01-07,user_3
0,657.0,A,2020-01-01,user_3
1,657.0,C,2020-01-03,user_1
0,658.0,A,2020-01-01,user_4
1,658.0,F,2020-01-08,user_3
0,659.0,D,2020-01-01,user_2
1,659.0,A,2020-01-09,user_1
0,660.0,A,2020-01-01,user_4
1,660.0,E,2020-01-09,user_4
2,660.0,F,2020-01-17,user_0
0,661.0,A,2020-01-01,user_2
1,661.0,E,2020-01-05,user_3
2,661.0,F,2020-01-10,user_1
0,662.0,A,2020-01-01,user_0
1,662.0,C,2020-01-07,user_0
2,662.0,E,2020-01-16,user_3
3,662.0,F,2020-01-17,user_3
0,663.0,A,2020-01-01,user_1
1,663.0,D,2020-01-06,user_1
2,663.0,F,2020-01-15,user_3
0,664.0,F,2020-01-01,user_4
1,664.0,A,2020-01-10,user_0
0,665.0,A,2020-01-01,user_4
1,665.0,D,2020-01-02,user_1
2,665.0,F,2020-01-06,user_3
0,666.0,A,2020-01-01,user_1
1,666.0,F,2020-01-04,user_4
0,667.0,A,2020-01-01,user_2
1,667.0,F,2020-01-06,user_3
2,667.0,D,2020-01-08,user_0
0,668.0,A,2020-01-01,user_0
1,668.0,D,2020-01-04,user_4
2,668.0,F,2020-01-10,user_1
0,669.0,A,2020-01-01,user_4
1,669.0,F,2020-01-02,user_0
2,669.0,D,2020-01-06,user_0
0,670.0,A,2020-01-01,user_2
1,670.0,C,2020-01-07,user_3
2,670.0,F,2020-01-14,user_3
0,671.0,A,2020-01-01,user_2
1,671.0,F,2020-01-08,user_4
0,672.0,A,2020-01-01,user_2
1,672.0,C,2020-01-07,user_1
2,672.0,B,2020-01-10,user_2
3,672.0,F,2020-01-11,user_2
0,673.0,A,2020-01-01,user_4
1,673.0,F,2020-01-04,user_0
0,674.0,A,2020-01-01,user_4
1,674.0,D,2020-01-04,user_2
0,675.0,A,2020-01-01,user_4
1,675.0,D,2020-01-08,user_1
2,675.0,F,2020-01-14,user_3
0,676.0,A,2020-01-01,user_0
1,676.0,D,2020-01-09,user_3
2,676.0,F,2020-01-18,user_4
0,677.0,D,2020-01-01,user_4
1,677.0,A,2020-01-06,user_4
2,677.0,F,2020-01-07,user_2
3,677.0,E,2020-01-08,user_4
0,678.0,D,2020-01-01,user_1
1,678.0,F,2020-01-03,user_3
2,678.0,A,2020-01-06,user_1
0,679.0,A,2020-01-01,user_2
1,679.0,D,2020-01-04,user_4
2,679.0,E,2020-01-10,user_3
3,679.0,C,2020-01-18,user_3
0,680.0,A,2020-01-01,user_1
1,680.0,D,2020-01-08,user_3
2,680.0,F,2020-01-11,user_3
0,681.0,A,2020-01-01,user_4
1,681.0,D,2020-01-07,user_3
0,682.0,A,2020-01-01,user_2
0,683.0,A,2020-01-01,user_2
1,683.0,E,2020-01-07,user_1
2,683.0,F,2020-01-11,user_0
0,684.0,A,2020-01-01,user_0
1,684.0,F,2020-01-06,user_1
0,685.0,A,2020-01-01,user_4
1,685.0,D,2020-01-04,user_3
2,685.0,E,2020-01-06,user_2
3,685.0,F,2020-01-13,user_1
0,686.0,D,2020-01-01,user_2
1,686.0,A,2020-01-06,user_2
0,687.0,D,2020-01-01,user_3
1,687.0,A,2020-01-10,user_4
2,687.0,F,2020-01-19,user_3
3,687.0,E,2020-01-26,user_0
0,688.0,A,2020-01-01,user_2
1,688.0,D,2020-01-04,user_0
0,689.0,A,2020-01-01,user_3
1,689.0,E,2020-01-10,user_4
2,689.0,F,2020-01-18,user_4
3,689.0,D,2020-01-27,user_3
0,690.0,A,2020-01-01,user_1
1,690.0,E,2020-01-10,user_3
2,690.0,F,2020-01-14,user_2
0,691.0,A,2020-01-01,user_1
1,691.0,E,2020-01-08,user_4
2,691.0,F,2020-01-17,user_3
0,692.0,A,2020-01-01,user_3
1,692.0,F,2020-01-10,user_4
0,693.0,A,2020-01-01,user_0
1,693.0,D,2020-01-02,user_2
2,693.0,F,2020-01-10,user_2
0,694.0,F,2020-01-01,user_3
1,694.0,A,2020-01-04,user_0
0,695.0,D,2020-01-01,user_2
1,695.0,A,2020-01-05,user_3
2,695.0,F,2020-01-08,user_0
0,696.0,A,2020-01-01,user_1
1,696.0,E,2020-01-10,user_0
2,696.0,D,2020-01-19,user_0
3,696.0,F,2020-01-28,user_3
0,697.0,A,2020-01-01,user_1
1,697.0,F,2020-01-02,user_0
2,697.0,D,2020-01-11,user_3
0,698.0,A,2020-01-01,user_0
1,698.0,F,2020-01-08,user_3
0,699.0,A,2020-01-01,user_0
1,699.0,F,2020-01-07,user_0
2,699.0,E,2020-01-11,user_1
0,700.0,A,2020-01-01,user_0
1,700.0,E,2020-01-03,user_0
0,701.0,A,2020-01-01,user_0
1,701.0,E,2020-01-02,user_3
2,701.0,D,2020-01-04,user_3
3,701.0,F,2020-01-07,user_0
0,702.0,A,2020-01-01,user_2
0,703.0,A,2020-01-01,user_2
1,703.0,D,2020-01-05,user_3
2,703.0,F,2020-01-06,user_4
3,703.0,C,2020-01-13,user_3
0,704.0,A,2020-01-01,user_2
1,704.0,C,2020-01-08,user_4
2,704.0,D,2020-01-14,user_3
3,704.0,F,2020-01-19,user_3
0,705.0,A,2020-01-01,user_1
1,705.0,E,2020-01-02,user_2
2,705.0,C,2020-01-04,user_3
3,705.0,F,2020-01-08,user_1
0,706.0,A,2020-01-01,user_3
1,706.0,D,2020-01-06,user_3
2,706.0,F,2020-01-11,user_3
3,706.0,E,2020-01-13,user_2
0,707.0,A,2020-01-01,user_3
1,707.0,C,2020-01-06,user_3
2,707.0,F,2020-01-09,user_4
0,708.0,D,2020-01-01,user_4
1,708.0,A,2020-01-03,user_0
2,708.0,E,2020-01-04,user_4
3,708.0,F,2020-01-13,user_1
0,709.0,A,2020-01-01,user_3
1,709.0,D,2020-01-05,user_0
2,709.0,F,2020-01-08,user_1
0,710.0,A,2020-01-01,user_1
1,710.0,F,2020-01-09,user_4
0,711.0,A,2020-01-01,user_2
1,711.0,E,2020-01-07,user_0
2,711.0,F,2020-01-13,user_0
0,712.0,C,2020-01-01,user_1
1,712.0,A,2020-01-03,user_2
2,712.0,D,2020-01-04,user_0
3,712.0,F,2020-01-09,user_3
0,713.0,C,2020-01-01,user_3
1,713.0,A,2020-01-10,user_2
2,713.0,D,2020-01-17,user_2
0,714.0,A,2020-01-01,user_2
1,714.0,E,2020-01-02,user_4
2,714.0,D,2020-01-07,user_4
3,714.0,F,2020-01-16,user_0
0,715.0,E,2020-01-01,user_3
1,715.0,A,2020-01-02,user_1
2,715.0,F,2020-01-05,user_4
0,716.0,A,2020-01-01,user_4
1,716.0,F,2020-01-04,user_4
0,717.0,A,2020-01-01,user_2
1,717.0,F,2020-01-05,user_0
0,718.0,A,2020-01-01,user_4
1,718.0,D,2020-01-07,user_1
2,718.0,F,2020-01-14,user_2
0,719.0,D,2020-01-01,user_0
1,719.0,F,2020-01-03,user_2
0,720.0,A,2020-01-01,user_3
1,720.0,E,2020-01-09,user_0
2,720.0,F,2020-01-11,user_3
0,721.0,A,2020-01-01,user_3
1,721.0,D,2020-01-07,user_2
2,721.0,E,2020-01-09,user_1
3,721.0,F,2020-01-13,user_3
0,722.0,C,2020-01-01,user_3
1,722.0,A,2020-01-10,user_2
2,722.0,F,2020-01-14,user_0
0,723.0,A,2020-01-01,user_0
1,723.0,D,2020-01-10,user_2
2,723.0,F,2020-01-18,user_3
0,724.0,D,2020-01-01,user_2
1,724.0,A,2020-01-03,user_4
2,724.0,E,2020-01-06,user_1
0,725.0,A,2020-01-01,user_0
1,725.0,E,2020-01-06,user_2
2,725.0,F,2020-01-11,user_1
0,726.0,A,2020-01-01,user_3
1,726.0,D,2020-01-07,user_3
0,727.0,A,2020-01-01,user_1
0,728.0,A,2020-01-01,user_0
1,728.0,B,2020-01-09,user_1
2,728.0,E,2020-01-13,user_4
3,728.0,F,2020-01-20,user_0
0,729.0,A,2020-01-01,user_2
1,729.0,C,2020-01-06,user_1
2,729.0,D,2020-01-12,user_1
3,729.0,E,2020-01-20,user_2
4,729.0,F,2020-01-28,user_1
0,730.0,A,2020-01-01,user_3
1,730.0,E,2020-01-05,user_3
2,730.0,D,2020-01-13,user_0
3,730.0,F,2020-01-20,user_3
0,731.0,F,2020-01-01,user_3
1,731.0,A,2020-01-10,user_0
0,732.0,C,2020-01-01,user_2
1,732.0,A,2020-01-10,user_1
2,732.0,F,2020-01-11,user_4
3,732.0,E,2020-01-20,user_3
0,733.0,A,2020-01-01,user_1
1,733.0,C,2020-01-04,user_0
2,733.0,F,2020-01-06,user_0
0,734.0,A,2020-01-01,user_0
1,734.0,E,2020-01-09,user_3
0,735.0,A,2020-01-01,user_3
1,735.0,F,2020-01-08,user_1
2,735.0,E,2020-01-15,user_3
0,736.0,C,2020-01-01,user_2
1,736.0,A,2020-01-06,user_0
2,736.0,E,2020-01-11,user_2
3,736.0,F,2020-01-12,user_1
0,737.0,E,2020-01-01,user_3
1,737.0,F,2020-01-03,user_0
2,737.0,A,2020-01-11,user_3
0,738.0,D,2020-01-01,user_2
1,738.0,A,2020-01-03,user_1
2,738.0,F,2020-01-10,user_0
0,739.0,A,2020-01-01,user_0
1,739.0,D,2020-01-08,user_0
2,739.0,E,2020-01-11,user_3
3,739.0,F,2020-01-12,user_4
0,740.0,A,2020-01-01,user_1
1,740.0,F,2020-01-07,user_0
0,741.0,A,2020-01-01,user_1
1,741.0,D,2020-01-03,user_0
2,741.0,F,2020-01-04,user_2
0,742.0,A,2020-01-01,user_2
1,742.0,F,2020-01-06,user_2
2,742.0,E,2020-01-10,user_3
0,743.0,C,2020-01-01,user_1
1,743.0,E,2020-01-02,user_0
2,743.0,A,2020-01-07,user_2
3,743.0,F,2020-01-14,user_3
0,744.0,A,2020-01-01,user_2
1,744.0,E,2020-01-03,user_2
2,744.0,F,2020-01-07,user_0
0,745.0,C,2020-01-01,user_4
1,745.0,A,2020-01-04,user_1
2,745.0,D,2020-01-07,user_4
0,746.0,A,2020-01-01,user_2
1,746.0,D,2020-01-09,user_0
2,746.0,F,2020-01-10,user_0
0,747.0,A,2020-01-01,user_3
1,747.0,F,2020-01-05,user_0
0,748.0,A,2020-01-01,user_2
1,748.0,D,2020-01-07,user_4
2,748.0,E,2020-01-16,user_2
3,748.0,F,2020-01-24,user_2
0,749.0,A,2020-01-01,user_1
1,749.0,E,2020-01-05,user_3
0,750.0,A,2020-01-01,user_0
1,750.0,F,2020-01-02,user_2
0,751.0,E,2020-01-01,user_1
1,751.0,A,2020-01-10,user_0
2,751.0,F,2020-01-11,user_2
0,752.0,A,2020-01-01,user_2
1,752.0,D,2020-01-05,user_3
2,752.0,F,2020-01-13,user_0
0,753.0,A,2020-01-01,user_4
1,753.0,C,2020-01-08,user_2
2,753.0,E,2020-01-13,user_3
3,753.0,F,2020-01-15,user_4
0,754.0,A,2020-01-01,user_2
1,754.0,F,2020-01-10,user_4
0,755.0,A,2020-01-01,user_1
1,755.0,F,2020-01-04,user_2
2,755.0,E,2020-01-11,user_3
0,756.0,A,2020-01-01,user_3
1,756.0,F,2020-01-09,user_1
0,757.0,A,2020-01-01,user_3
1,757.0,E,2020-01-09,user_4
2,757.0,F,2020-01-17,user_4
0,758.0,A,2020-01-01,user_4
1,758.0,F,2020-01-02,user_0
0,759.0,D,2020-01-01,user_1
1,759.0,E,2020-01-09,user_3
2,759.0,F,2020-01-18,user_2
3,759.0,A,2020-01-21,user_4
0,760.0,D,2020-01-01,user_3
0,761.0,A,2020-01-01,user_0
1,761.0,D,2020-01-10,user_2
2,761.0,F,2020-01-11,user_2
0,762.0,D,2020-01-01,user_3
1,762.0,A,2020-01-09,user_3
0,763.0,A,2020-01-01,user_2
1,763.0,D,2020-01-06,user_2
2,763.0,F,2020-01-09,user_0
0,764.0,A,2020-01-01,user_1
1,764.0,E,2020-01-08,user_2
2,764.0,F,2020-01-17,user_0
0,765.0,A,2020-01-01,user_1
1,765.0,F,2020-01-03,user_1
2,765.0,E,2020-01-06,user_4
0,766.0,A,2020-01-01,user_2
1,766.0,F,2020-01-04,user_3
2,766.0,D,2020-01-08,user_3
0,767.0,A,2020-01-01,user_2
1,767.0,E,2020-01-07,user_0
2,767.0,D,2020-01-10,user_2
3,767.0,F,2020-01-17,user_4
0,768.0,D,2020-01-01,user_0
1,768.0,A,2020-01-08,user_2
2,768.0,F,2020-01-14,user_4
0,769.0,A,2020-01-01,user_1
1,769.0,E,2020-01-04,user_1
2,769.0,F,2020-01-08,user_4
0,770.0,C,2020-01-01,user_2
1,770.0,A,2020-01-04,user_1
2,770.0,D,2020-01-07,user_1
3,770.0,F,2020-01-08,user_1
4,770.0,E,2020-01-10,user_4
0,771.0,A,2020-01-01,user_4
1,771.0,E,2020-01-05,user_2
0,772.0,A,2020-01-01,user_2
1,772.0,F,2020-01-09,user_1
0,773.0,F,2020-01-01,user_4
1,773.0,A,2020-01-07,user_4
0,774.0,A,2020-01-01,user_4
1,774.0,E,2020-01-08,user_1
0,775.0,A,2020-01-01,user_3
1,775.0,D,2020-01-10,user_3
2,775.0,F,2020-01-14,user_3
0,776.0,A,2020-01-01,user_0
0,777.0,C,2020-01-01,user_1
1,777.0,E,2020-01-10,user_2
2,777.0,A,2020-01-17,user_1
3,777.0,F,2020-01-18,user_0
0,778.0,A,2020-01-01,user_4
1,778.0,F,2020-01-06,user_2
0,779.0,A,2020-01-01,user_4
1,779.0,F,2020-01-09,user_1
0,780.0,A,2020-01-01,user_1
1,780.0,E,2020-01-03,user_2
2,780.0,F,2020-01-12,user_1
0,781.0,F,2020-01-01,user_3
0,782.0,A,2020-01-01,user_1
1,782.0,E,2020-01-10,user_4
2,782.0,F,2020-01-19,user_4
0,783.0,A,2020-01-01,user_2
1,783.0,D,2020-01-04,user_2
2,783.0,F,2020-01-05,user_4
0,784.0,A,2020-01-01,user_3
1,784.0,D,2020-01-08,user_2
2,784.0,E,2020-01-17,user_0
3,784.0,F,2020-01-22,user_4
0,785.0,A,2020-01-01,user_2
1,785.0,E,2020-01-05,user_1
2,785.0,C,2020-01-11,user_0
3,785.0,F,2020-01-18,user_2
0,786.0,C,2020-01-01,user_2
1,786.0,A,2020-01-10,user_4
2,786.0,D,2020-01-18,user_2
0,787.0,A,2020-01-01,user_4
1,787.0,F,2020-01-05,user_2
0,788.0,A,2020-01-01,user_3
1,788.0,C,2020-01-03,user_1
2,788.0,F,2020-01-08,user_1
3,788.0,D,2020-01-14,user_1
0,789.0,A,2020-01-01,user_4
0,790.0,A,2020-01-01,user_3
1,790.0,E,2020-01-09,user_1
2,790.0,F,2020-01-17,user_4
0,791.0,F,2020-01-01,user_1
1,791.0,A,2020-01-08,user_4
0,792.0,A,2020-01-01,user_4
1,792.0,D,2020-01-09,user_4
2,792.0,F,2020-01-13,user_3
3,792.0,E,2020-01-14,user_3
0,793.0,A,2020-01-01,user_3
1,793.0,D,2020-01-10,user_3
2,793.0,C,2020-01-15,user_0
3,793.0,E,2020-01-16,user_4
4,793.0,F,2020-01-22,user_1
0,794.0,A,2020-01-01,user_4
1,794.0,D,2020-01-02,user_3
2,794.0,E,2020-01-11,user_0
3,794.0,F,2020-01-20,user_4
0,795.0,A,2020-01-01,user_0
1,795.0,C,2020-01-05,user_0
2,795.0,D,2020-01-08,user_2
3,795.0,F,2020-01-17,user_4
0,796.0,A,2020-01-01,user_0
1,796.0,E,2020-01-03,user_1
2,796.0,F,2020-01-10,user_4
0,797.0,A,2020-01-01,user_0
1,797.0,F,2020-01-05,user_3
2,797.0,D,2020-01-09,user_0
0,798.0,C,2020-01-01,user_4
1,798.0,D,2020-01-04,user_4
2,798.0,F,2020-01-06,user_3
0,799.0,A,2020-01-01,user_0
0,800.0,F,2020-01-01,user_0
1,800.0,A,2020-01-09,user_4
0,801.0,A,2020-01-01,user_2
1,801.0,F,2020-01-04,user_1
0,802.0,A,2020-01-01,user_0
1,802.0,C,2020-01-03,user_2
2,802.0,E,2020-01-07,user_0
3,802.0,F,2020-01-14,user_4
0,803.0,A,2020-01-01,user_1
1,803.0,F,2020-01-08,user_1
0,804.0,A,2020-01-01,user_3
1,804.0,F,2020-01-07,user_4
0,805.0,A,2020-01-01,user_1
0,806.0,A,2020-01-01,user_4
1,806.0,F,2020-01-05,user_0
2,806.0,D,2020-01-09,user_2
0,807.0,A,2020-01-01,user_1
1,807.0,E,2020-01-05,user_4
0,808.0,A,2020-01-01,user_2
1,808.0,E,2020-01-03,user_4
2,808.0,F,2020-01-06,user_3
0,809.0,A,2020-01-01,user_2
1,809.0,E,2020-01-10,user_4
2,809.0,F,2020-01-17,user_1
0,810.0,D,2020-01-01,user_1
1,810.0,A,2020-01-09,user_2
2,810.0,E,2020-01-12,user_2
3,810.0,F,2020-01-15,user_1
0,811.0,A,2020-01-01,user_3
1,811.0,F,2020-01-08,user_1
0,812.0,A,2020-01-01,user_0
1,812.0,D,2020-01-09,user_3
2,812.0,E,2020-01-10,user_2
3,812.0,C,2020-01-12,user_1
0,813.0,A,2020-01-01,user_1
1,813.0,B,2020-01-03,user_1
2,813.0,D,2020-01-07,user_0
3,813.0,E,2020-01-09,user_3
4,813.0,F,2020-01-10,user_0
0,814.0,A,2020-01-01,user_3
1,814.0,D,2020-01-09,user_0
2,814.0,F,2020-01-17,user_2
0,815.0,A,2020-01-01,user_1
0,816.0,F,2020-01-01,user_3
0,817.0,A,2020-01-01,user_2
1,817.0,D,2020-01-05,user_4
2,817.0,E,2020-01-06,user_0
3,817.0,F,2020-01-09,user_4
0,818.0,A,2020-01-01,user_3
1,818.0,F,2020-01-03,user_2
0,819.0,D,2020-01-01,user_4
0,820.0,C,2020-01-01,user_4
1,820.0,E,2020-01-07,user_2
2,820.0,A,2020-01-13,user_3
3,820.0,F,2020-01-19,user_3
0,821.0,A,2020-01-01,user_3
1,821.0,D,2020-01-06,user_2
2,821.0,C,2020-01-10,user_3
3,821.0,E,2020-01-14,user_0
4,821.0,F,2020-01-22,user_4
0,822.0,A,2020-01-01,user_4
1,822.0,F,2020-01-09,user_3
2,822.0,E,2020-01-11,user_4
0,823.0,A,2020-01-01,user_0
1,823.0,F,2020-01-06,user_2
0,824.0,A,2020-01-01,user_1
1,824.0,D,2020-01-09,user_4
2,824.0,F,2020-01-11,user_4
0,825.0,A,2020-01-01,user_3
1,825.0,F,2020-01-04,user_2
2,825.0,D,2020-01-07,user_4
0,826.0,C,2020-01-01,user_2
1,826.0,A,2020-01-08,user_4
2,826.0,F,2020-01-11,user_4
0,827.0,A,2020-01-01,user_1
1,827.0,E,2020-01-10,user_0
2,827.0,D,2020-01-13,user_4
3,827.0,F,2020-01-19,user_1
0,828.0,A,2020-01-01,user_4
1,828.0,D,2020-01-08,user_1
2,828.0,E,2020-01-13,user_1
0,829.0,A,2020-01-01,user_3
1,829.0,C,2020-01-07,user_2
2,829.0,F,2020-01-11,user_2
0,830.0,A,2020-01-01,user_3
1,830.0,D,2020-01-04,user_1
2,830.0,F,2020-01-11,user_1
0,831.0,D,2020-01-01,user_1
1,831.0,A,2020-01-10,user_3
2,831.0,F,2020-01-18,user_2
0,832.0,A,2020-01-01,user_1
1,832.0,D,2020-01-04,user_2
2,832.0,F,2020-01-09,user_1
0,833.0,A,2020-01-01,user_0
1,833.0,F,2020-01-02,user_4
0,834.0,D,2020-01-01,user_2
1,834.0,A,2020-01-03,user_0
2,834.0,F,2020-01-07,user_4
0,835.0,A,2020-01-01,user_4
1,835.0,F,2020-01-10,user_3
2,835.0,D,2020-01-11,user_3
0,836.0,A,2020-01-01,user_3
1,836.0,D,2020-01-09,user_1
2,836.0,F,2020-01-12,user_2
0,837.0,A,2020-01-01,user_4
1,837.0,E,2020-01-07,user_3
2,837.0,F,2020-01-11,user_1
0,838.0,A,2020-01-01,user_0
1,838.0,D,2020-01-09,user_1
2,838.0,E,2020-01-16,user_2
3,838.0,F,2020-01-23,user_0
0,839.0,D,2020-01-01,user_1
1,839.0,A,2020-01-08,user_2
2,839.0,F,2020-01-14,user_4
0,840.0,A,2020-01-01,user_0
1,840.0,E,2020-01-02,user_2
0,841.0,A,2020-01-01,user_0
1,841.0,F,2020-01-09,user_0
0,842.0,A,2020-01-01,user_2
1,842.0,E,2020-01-10,user_3
2,842.0,F,2020-01-15,user_1
0,843.0,A,2020-01-01,user_3
1,843.0,C,2020-01-03,user_2
2,843.0,D,2020-01-11,user_2
3,843.0,E,2020-01-16,user_0
4,843.0,F,2020-01-20,user_3
0,844.0,A,2020-01-01,user_0
1,844.0,D,2020-01-09,user_1
2,844.0,F,2020-01-13,user_1
0,845.0,A,2020-01-01,user_2
1,845.0,F,2020-01-07,user_4
2,845.0,D,2020-01-16,user_4
0,846.0,A,2020-01-01,user_0
1,846.0,F,2020-01-02,user_3
2,846.0,B,2020-01-11,user_3
0,847.0,A,2020-01-01,user_4
1,847.0,D,2020-01-08,user_3
2,847.0,E,2020-01-11,user_3
3,847.0,F,2020-01-12,user_1
0,848.0,A,2020-01-01,user_1
1,848.0,D,2020-01-06,user_3
2,848.0,E,2020-01-11,user_1
3,848.0,F,2020-01-13,user_3
0,849.0,A,2020-01-01,user_1
1,849.0,F,2020-01-02,user_3
0,850.0,A,2020-01-01,user_4
1,850.0,D,2020-01-10,user_3
2,850.0,F,2020-01-13,user_2
0,851.0,A,2020-01-01,user_2
1,851.0,D,2020-01-04,user_1
2,851.0,F,2020-01-08,user_2
0,852.0,B,2020-01-01,user_3
1,852.0,A,2020-01-06,user_4
2,852.0,E,2020-01-07,user_3
0,853.0,A,2020-01-01,user_1
0,854.0,A,2020-01-01,user_0
1,854.0,B,2020-01-02,user_3
2,854.0,F,2020-01-09,user_1
0,855.0,E,2020-01-01,user_3
1,855.0,F,2020-01-02,user_1
2,855.0,A,2020-01-03,user_3
0,856.0,D,2020-01-01,user_0
1,856.0,A,2020-01-05,user_2
2,856.0,E,2020-01-11,user_4
3,856.0,F,2020-01-19,user_0
0,857.0,C,2020-01-01,user_2
1,857.0,A,2020-01-06,user_2
2,857.0,D,2020-01-11,user_0
3,857.0,F,2020-01-14,user_3
0,858.0,A,2020-01-01,user_4
1,858.0,D,2020-01-05,user_1
2,858.0,F,2020-01-14,user_3
0,859.0,A,2020-01-01,user_0
1,859.0,E,2020-01-05,user_4
2,859.0,F,2020-01-14,user_4
0,860.0,F,2020-01-01,user_0
1,860.0,A,2020-01-06,user_1
0,861.0,E,2020-01-01,user_4
1,861.0,F,2020-01-04,user_3
0,862.0,A,2020-01-01,user_1
1,862.0,D,2020-01-04,user_2
0,863.0,A,2020-01-01,user_4
1,863.0,E,2020-01-10,user_1
2,863.0,F,2020-01-15,user_2
0,864.0,A,2020-01-01,user_4
1,864.0,C,2020-01-08,user_0
2,864.0,D,2020-01-12,user_3
3,864.0,E,2020-01-18,user_1
4,864.0,F,2020-01-27,user_1
0,865.0,A,2020-01-01,user_4
1,865.0,C,2020-01-04,user_3
2,865.0,F,2020-01-05,user_2
0,866.0,A,2020-01-01,user_1
1,866.0,B,2020-01-05,user_3
2,866.0,F,2020-01-13,user_1
0,867.0,D,2020-01-01,user_1
1,867.0,A,2020-01-05,user_0
2,867.0,F,2020-01-08,user_2
0,868.0,A,2020-01-01,user_1
1,868.0,D,2020-01-06,user_0
2,868.0,E,2020-01-11,user_3
3,868.0,F,2020-01-14,user_4
0,869.0,A,2020-01-01,user_3
1,869.0,E,2020-01-03,user_3
0,870.0,F,2020-01-01,user_3
1,870.0,A,2020-01-07,user_3
0,871.0,A,2020-01-01,user_0
1,871.0,D,2020-01-08,user_3
2,871.0,E,2020-01-12,user_3
3,871.0,F,2020-01-17,user_4
0,872.0,E,2020-01-01,user_4
1,872.0,A,2020-01-04,user_2
0,873.0,A,2020-01-01,user_1
1,873.0,E,2020-01-02,user_4
2,873.0,F,2020-01-08,user_1
0,874.0,A,2020-01-01,user_0
1,874.0,D,2020-01-02,user_0
2,874.0,F,2020-01-08,user_4
3,874.0,E,2020-01-09,user_0
0,875.0,A,2020-01-01,user_1
1,875.0,B,2020-01-09,user_2
0,876.0,A,2020-01-01,user_3
1,876.0,D,2020-01-05,user_2
2,876.0,E,2020-01-12,user_0
0,877.0,A,2020-01-01,user_1
1,877.0,C,2020-01-08,user_1
2,877.0,F,2020-01-16,user_4
0,878.0,A,2020-01-01,user_2
0,879.0,C,2020-01-01,user_2
1,879.0,A,2020-01-06,user_4
2,879.0,F,2020-01-13,user_2
3,879.0,D,2020-01-21,user_2
0,880.0,E,2020-01-01,user_4
1,880.0,F,2020-01-02,user_1
0,881.0,A,2020-01-01,user_2
1,881.0,F,2020-01-10,user_2
2,881.0,D,2020-01-15,user_0
0,882.0,A,2020-01-01,user_1
1,882.0,C,2020-01-10,user_2
2,882.0,F,2020-01-13,user_0
3,882.0,E,2020-01-14,user_1
0,883.0,D,2020-01-01,user_1
1,883.0,A,2020-01-02,user_2
2,883.0,E,2020-01-10,user_0
3,883.0,F,2020-01-15,user_4
0,884.0,E,2020-01-01,user_0
1,884.0,A,2020-01-10,user_1
2,884.0,F,2020-01-16,user_4
0,885.0,A,2020-01-01,user_2
1,885.0,F,2020-01-09,user_1
0,886.0,A,2020-01-01,user_3
1,886.0,F,2020-01-08,user_3
0,887.0,A,2020-01-01,user_4
1,887.0,E,2020-01-02,user_0
2,887.0,F,2020-01-05,user_0
0,888.0,A,2020-01-01,user_2
1,888.0,D,2020-01-06,user_2
0,889.0,A,2020-01-01,user_1
1,889.0,E,2020-01-07,user_0
2,889.0,F,2020-01-16,user_1
0,890.0,C,2020-01-01,user_3
1,890.0,A,2020-01-03,user_3
2,890.0,E,2020-01-08,user_2
3,890.0,F,2020-01-12,user_4
0,891.0,A,2020-01-01,user_2
1,891.0,B,2020-01-06,user_1
2,891.0,D,2020-01-15,user_1
3,891.0,F,2020-01-22,user_1
0,892.0,F,2020-01-01,user_1
1,892.0,A,2020-01-04,user_1
0,893.0,E,2020-01-01,user_3
1,893.0,A,2020-01-09,user_3
2,893.0,F,2020-01-18,user_2
0,894.0,A,2020-01-01,user_3
1,894.0,E,2020-01-05,user_0
2,894.0,F,2020-01-09,user_4
0,895.0,A,2020-01-01,user_4
1,895.0,D,2020-01-10,user_1
2,895.0,F,2020-01-17,user_1
3,895.0,B,2020-01-25,user_2
0,896.0,A,2020-01-01,user_2
1,896.0,F,2020-01-02,user_2
0,897.0,A,2020-01-01,user_1
1,897.0,F,2020-01-04,user_4
0,898.0,A,2020-01-01,user_4
1,898.0,D,2020-01-09,user_1
2,898.0,E,2020-01-13,user_2
3,898.0,F,2020-01-21,user_0
0,899.0,A,2020-01-01,user_3
1,899.0,F,2020-01-09,user_4
0,900.0,A,2020-01-01,user_2
1,900.0,F,2020-01-06,user_1
0,901.0,A,2020-01-01,user_2
1,901.0,E,2020-01-08,user_4
2,901.0,F,2020-01-12,user_0
0,902.0,A,2020-01-01,user_3
1,902.0,E,2020-01-04,user_0
2,902.0,F,2020-01-09,user_2
0,903.0,A,2020-01-01,user_1
1,903.0,F,2020-01-04,user_1
2,903.0,D,2020-01-11,user_0
0,904.0,A,2020-01-01,user_0
1,904.0,F,2020-01-03,user_1
0,905.0,A,2020-01-01,user_3
1,905.0,F,2020-01-08,user_4
0,906.0,D,2020-01-01,user_2
1,906.0,A,2020-01-10,user_0
2,906.0,F,2020-01-14,user_0
0,907.0,F,2020-01-01,user_3
1,907.0,A,2020-01-03,user_3
0,908.0,A,2020-01-01,user_3
1,908.0,F,2020-01-02,user_3
0,909.0,A,2020-01-01,user_3
1,909.0,C,2020-01-04,user_0
2,909.0,D,2020-01-09,user_3
3,909.0,F,2020-01-18,user_0
0,910.0,A,2020-01-01,user_3
1,910.0,E,2020-01-07,user_0
0,911.0,A,2020-01-01,user_3
1,911.0,F,2020-01-03,user_3
0,912.0,A,2020-01-01,user_1
1,912.0,C,2020-01-08,user_2
2,912.0,E,2020-01-13,user_0
3,912.0,D,2020-01-20,user_1
4,912.0,F,2020-01-21,user_1
0,913.0,D,2020-01-01,user_1
1,913.0,E,2020-01-06,user_2
2,913.0,F,2020-01-13,user_3
0,914.0,A,2020-01-01,user_3
1,914.0,C,2020-01-02,user_2
0,915.0,A,2020-01-01,user_0
1,915.0,C,2020-01-03,user_4
2,915.0,F,2020-01-12,user_1
0,916.0,E,2020-01-01,user_2
1,916.0,F,2020-01-07,user_3
2,916.0,A,2020-01-10,user_0
0,917.0,A,2020-01-01,user_1
1,917.0,F,2020-01-08,user_1
0,918.0,A,2020-01-01,user_3
1,918.0,C,2020-01-06,user_0
2,918.0,D,2020-01-07,user_2
0,919.0,A,2020-01-01,user_4
1,919.0,F,2020-01-03,user_0
0,920.0,A,2020-01-01,user_3
1,920.0,C,2020-01-10,user_4
2,920.0,F,2020-01-14,user_4
0,921.0,D,2020-01-01,user_2
1,921.0,F,2020-01-06,user_2
2,921.0,A,2020-01-09,user_4
0,922.0,A,2020-01-01,user_4
1,922.0,D,2020-01-05,user_1
2,922.0,F,2020-01-10,user_2
0,923.0,A,2020-01-01,user_4
1,923.0,C,2020-01-09,user_4
2,923.0,E,2020-01-17,user_1
3,923.0,F,2020-01-24,user_3
0,924.0,F,2020-01-01,user_2
1,924.0,A,2020-01-09,user_4
0,925.0,A,2020-01-01,user_1
1,925.0,E,2020-01-06,user_1
2,925.0,F,2020-01-10,user_4
0,926.0,A,2020-01-01,user_4
1,926.0,F,2020-01-06,user_3
0,927.0,A,2020-01-01,user_3
1,927.0,D,2020-01-03,user_0
2,927.0,F,2020-01-09,user_3
3,927.0,E,2020-01-16,user_4
0,928.0,A,2020-01-01,user_4
1,928.0,C,2020-01-07,user_1
0,929.0,A,2020-01-01,user_2
1,929.0,F,2020-01-02,user_1
0,930.0,A,2020-01-01,user_1
1,930.0,D,2020-01-02,user_3
2,930.0,E,2020-01-11,user_4
3,930.0,F,2020-01-16,user_2
0,931.0,A,2020-01-01,user_4
1,931.0,C,2020-01-07,user_4
2,931.0,F,2020-01-16,user_2
3,931.0,E,2020-01-17,user_0
0,932.0,A,2020-01-01,user_3
1,932.0,F,2020-01-09,user_4
0,933.0,B,2020-01-01,user_4
1,933.0,A,2020-01-02,user_0
0,934.0,A,2020-01-01,user_0
1,934.0,C,2020-01-05,user_0
2,934.0,D,2020-01-06,user_2
3,934.0,F,2020-01-12,user_3
0,935.0,A,2020-01-01,user_3
1,935.0,D,2020-01-04,user_2
2,935.0,E,2020-01-08,user_1
3,935.0,F,2020-01-09,user_4
0,936.0,A,2020-01-01,user_0
1,936.0,E,2020-01-06,user_0
2,936.0,F,2020-01-08,user_1
0,937.0,A,2020-01-01,user_3
1,937.0,F,2020-01-09,user_1
0,938.0,F,2020-01-01,user_2
1,938.0,A,2020-01-09,user_3
0,939.0,A,2020-01-01,user_2
1,939.0,D,2020-01-08,user_0
2,939.0,F,2020-01-15,user_1
3,939.0,E,2020-01-22,user_3
0,940.0,A,2020-01-01,user_4
1,940.0,D,2020-01-06,user_2
2,940.0,E,2020-01-09,user_0
3,940.0,F,2020-01-18,user_2
0,941.0,A,2020-01-01,user_3
1,941.0,F,2020-01-10,user_4
2,941.0,E,2020-01-12,user_2
0,942.0,A,2020-01-01,user_4
1,942.0,F,2020-01-06,user_2
2,942.0,E,2020-01-08,user_2
0,943.0,A,2020-01-01,user_0
1,943.0,D,2020-01-02,user_3
0,944.0,A,2020-01-01,user_3
1,944.0,D,2020-01-05,user_0
2,944.0,F,2020-01-07,user_2
0,945.0,A,2020-01-01,user_1
1,945.0,F,2020-01-08,user_3
2,945.0,D,2020-01-17,user_1
0,946.0,C,2020-01-01,user_4
1,946.0,A,2020-01-04,user_0
2,946.0,F,2020-01-06,user_2
0,947.0,A,2020-01-01,user_2
1,947.0,D,2020-01-02,user_1
2,947.0,E,2020-01-06,user_4
3,947.0,F,2020-01-11,user_3
0,948.0,D,2020-01-01,user_2
1,948.0,A,2020-01-03,user_4
2,948.0,F,2020-01-10,user_3
3,948.0,E,2020-01-17,user_3
0,949.0,A,2020-01-01,user_0
1,949.0,F,2020-01-04,user_0
0,950.0,C,2020-01-01,user_2
1,950.0,A,2020-01-03,user_4
2,950.0,F,2020-01-04,user_1
3,950.0,E,2020-01-12,user_4
0,951.0,A,2020-01-01,user_4
0,952.0,D,2020-01-01,user_4
1,952.0,A,2020-01-05,user_4
2,952.0,E,2020-01-14,user_0
3,952.0,F,2020-01-17,user_3
0,953.0,A,2020-01-01,user_4
1,953.0,C,2020-01-09,user_0
2,953.0,D,2020-01-16,user_0
3,953.0,E,2020-01-19,user_0
0,954.0,A,2020-01-01,user_0
1,954.0,D,2020-01-04,user_3
2,954.0,F,2020-01-09,user_4
0,955.0,D,2020-01-01,user_0
1,955.0,A,2020-01-07,user_0
2,955.0,E,2020-01-16,user_0
3,955.0,F,2020-01-25,user_1
0,956.0,A,2020-01-01,user_3
1,956.0,E,2020-01-07,user_0
2,956.0,F,2020-01-12,user_3
3,956.0,C,2020-01-16,user_3
0,957.0,A,2020-01-01,user_0
1,957.0,D,2020-01-10,user_3
0,958.0,A,2020-01-01,user_1
1,958.0,D,2020-01-03,user_4
2,958.0,F,2020-01-08,user_0
0,959.0,D,2020-01-01,user_4
1,959.0,E,2020-01-10,user_0
2,959.0,F,2020-01-15,user_2
0,960.0,A,2020-01-01,user_3
1,960.0,D,2020-01-08,user_2
2,960.0,E,2020-01-09,user_1
3,960.0,F,2020-01-15,user_3
0,961.0,A,2020-01-01,user_3
1,961.0,C,2020-01-07,user_3
2,961.0,F,2020-01-13,user_0
0,962.0,D,2020-01-01,user_0
1,962.0,A,2020-01-08,user_2
0,963.0,A,2020-01-01,user_1
1,963.0,E,2020-01-10,user_3
2,963.0,D,2020-01-18,user_4
3,963.0,F,2020-01-22,user_1
0,964.0,A,2020-01-01,user_1
1,964.0,F,2020-01-03,user_2
0,965.0,A,2020-01-01,user_1
1,965.0,D,2020-01-07,user_1
2,965.0,F,2020-01-16,user_1
0,966.0,A,2020-01-01,user_0
1,966.0,D,2020-01-05,user_4
0,967.0,A,2020-01-01,user_4
1,967.0,D,2020-01-09,user_1
2,967.0,F,2020-01-17,user_3
0,968.0,A,2020-01-01,user_3
1,968.0,C,2020-01-04,user_0
2,968.0,E,2020-01-05,user_4
0,969.0,A,2020-01-01,user_2
1,969.0,C,2020-01-10,user_4
2,969.0,F,2020-01-18,user_0
0,970.0,A,2020-01-01,user_0
1,970.0,E,2020-01-10,user_0
2,970.0,F,2020-01-13,user_1
3,970.0,D,2020-01-19,user_1
0,971.0,D,2020-01-01,user_3
1,971.0,F,2020-01-09,user_3
0,972.0,A,2020-01-01,user_0
1,972.0,E,2020-01-06,user_0
2,972.0,F,2020-01-14,user_0
0,973.0,A,2020-01-01,user_2
1,973.0,D,2020-01-08,user_4
2,973.0,F,2020-01-15,user_0
0,974.0,F,2020-01-01,user_1
1,974.0,A,2020-01-04,user_1
0,975.0,A,2020-01-01,user_0
1,975.0,E,2020-01-05,user_2
2,975.0,F,2020-01-06,user_4
0,976.0,A,2020-01-01,user_0
1,976.0,B,2020-01-08,user_0
2,976.0,E,2020-01-10,user_0
3,976.0,F,2020-01-12,user_3
0,977.0,A,2020-01-01,user_1
1,977.0,F,2020-01-05,user_0
0,978.0,A,2020-01-01,user_3
0,979.0,F,2020-01-01,user_0
1,979.0,A,2020-01-05,user_3
0,980.0,A,2020-01-01,user_0
1,980.0,E,2020-01-10,user_0
2,980.0,F,2020-01-12,user_3
0,981.0,A,2020-01-01,user_0
0,982.0,A,2020-01-01,user_4
1,982.0,D,2020-01-02,user_3
2,982.0,E,2020-01-10,user_0
3,982.0,F,2020-01-18,user_0
0,983.0,A,2020-01-01,user_4
1,983.0,E,2020-01-03,user_3
2,983.0,F,2020-01-06,user_3
3,983.0,D,2020-01-07,user_1
0,984.0,A,2020-01-01,user_0
1,984.0,E,2020-01-08,user_1
2,984.0,F,2020-01-09,user_1
0,985.0,A,2020-01-01,user_4
1,985.0,D,2020-01-06,user_3
2,985.0,E,2020-01-12,user_0
3,985.0,F,2020-01-19,user_3
0,986.0,A,2020-01-01,user_1
1,986.0,D,2020-01-03,user_0
0,987.0,A,2020-01-01,user_2
1,987.0,C,2020-01-04,user_4
2,987.0,E,2020-01-09,user_0
3,987.0,F,2020-01-16,user_2
0,988.0,A,2020-01-01,user_2
1,988.0,E,2020-01-10,user_3
2,988.0,F,2020-01-17,user_3
0,989.0,A,2020-01-01,user_4
1,989.0,D,2020-01-10,user_0
2,989.0,F,2020-01-15,user_0
0,990.0,D,2020-01-01,user_2
1,990.0,A,2020-01-09,user_4
0,991.0,A,2020-01-01,user_3
1,991.0,B,2020-01-06,user_2
2,991.0,D,2020-01-07,user_2
3,991.0,C,2020-01-14,user_1
4,991.0,E,2020-01-18,user_3
0,992.0,A,2020-01-01,user_1
1,992.0,D,2020-01-08,user_3
2,992.0,E,2020-01-09,user_3
3,992.0,F,2020-01-15,user_0
0,993.0,A,2020-01-01,user_4
1,993.0,F,2020-01-05,user_1
2,993.0,D,2020-01-10,user_0
0,994.0,A,2020-01-01,user_1
1,994.0,E,2020-01-09,user_2
2,994.0,D,2020-01-15,user_0
3,994.0,F,2020-01-20,user_0
0,995.0,A,2020-01-01,user_3
1,995.0,E,2020-01-05,user_4
0,996.0,A,2020-01-01,user_3
1,996.0,F,2020-01-09,user_3
0,997.0,A,2020-01-01,user_2
1,997.0,D,2020-01-08,user_3
2,997.0,F,2020-01-12,user_1
0,998.0,A,2020-01-01,user_1
1,998.0,D,2020-01-07,user_0
2,998.0,F,2020-01-12,user_0
3,998.0,E,2020-01-17,user_1
0,999.0,E,2020-01-01,user_2
1,999.0,A,2020-01-03,user_2
2,999.0,F,2020-01-05,user_4
