device_code,state_number,course,device_time,state,longitude,latitude,altitude,speed,accelerations,fuel_spent,satellitesvalid,hdop,valid,time
865473034025067,,0,1605628798,,43.97078008483415,56.30289317488272,0.0,54,,,,0,0.0,2020-11-17 15:59:58
834100380000000,,50,1605628801,,43.93622518608724,56.295865787262066,0.0,31,,,,0,0.0,2020-11-17 16:00:01
356306055256623,,87,1605053723,,43.99504871200655,56.30626739382424,0.0,29,,,,0,0.0,2020-11-11 00:15:23
EEEEEEEEE121210,,183,1605628799,,43.29122901970782,54.91552592602454,0.0,0,,,,0,0.0,2020-11-17 15:59:59
356306055256623,,82,1605053725,,43.995362530461364,56.30628885149636,0.0,36,,,,0,0.0,2020-11-11 00:15:25
866795039032329,,0,1605628170,,43.939234624602655,56.30653025030776,0.0,0,,,,0,0.0,2020-11-17 15:49:30
356306055256623,,78,1605053731,,43.99636567663317,56.306390775438956,0.0,29,,,,0,0.0,2020-11-11 00:15:31
100137680000000,,81,1605628801,,44.08015520406891,56.3017666470962,0.0,7,,,,0,0.0,2020-11-17 16:00:01
865473034011356,,0,1605628801,,43.89800638982514,56.25553609250475,0.0,50,,,,0,0.0,2020-11-17 16:00:01
356306055256623,,81,1605053733,,43.996582935563424,56.30641759752911,0.0,17,,,,0,0.0,2020-11-11 00:15:33
864811039256362,,0,1605627768,,43.944998691777,56.31664217829626,0.0,0,,,,0,0.0,2020-11-17 15:42:48
EEEEEEEEE526884,,54,1605628783,,43.917004476282045,56.118915094090376,0.0,44,,,,0,0.0,2020-11-17 15:59:43
1900995,,272,1605628802,,37.67865,55.787957,0.0,0,"X: 0.048584
Y: -0.459961
Z: -1.132568
",,,0,0.0,2020-11-17 16:00:02
356306055256623,,127,1605053736,,43.99683506321088,56.30636931776683,0.0,12,,,,0,0.0,2020-11-11 00:15:36
356306055256623,,171,1605053739,,43.99696380924363,56.30626739382424,0.0,18,,,,0,0.0,2020-11-11 00:15:39
EEEEEEEEE121478,,28,1605628806,,43.29285443837122,54.9169367679667,0.0,0,,,,0,0.0,2020-11-17 16:00:06
356306055256623,,168,1605053743,,43.99699867796083,56.3061386477915,0.0,12,,,,0,0.0,2020-11-11 00:15:43
EEEEEEEEE121480,,117,1605628800,,43.32075477655063,54.921662820252045,0.0,0,,,,0,0.0,2020-11-17 16:00:00
100000120000000,,73,1605628740,,43.29156429583476,54.93933321324627,0.0,0,,,,0,0.0,2020-11-17 15:59:00
356850083601698,,249,1605185009,,43.932936797834216,56.33129776835705,0.0,8,,,,0,0.0,2020-11-12 12:43:29
356306055256623,,106,1605053748,,43.99716497491979,56.306106461283306,0.0,3,,,,0,0.0,2020-11-11 00:15:48
356850083601698,,245,1605185011,,43.93286974260883,56.33127631068492,0.0,9,,,,0,0.0,2020-11-12 12:43:31
EEEEEEEEE118651,,20,1605628801,,43.29060406500721,54.91586924877853,0.0,0,,,,0,0.0,2020-11-17 16:00:01
358639050978884,,0,1605628750,,43.90882373878472,56.32082642436047,0.0,0,,,,0,0.0,2020-11-17 15:59:10
356306055256623,,66,1605053756,,43.997342000714816,56.3061225545374,0.0,7,,,,0,0.0,2020-11-11 00:15:56
356850083601698,,241,1605185023,,43.93223942349019,56.331099284889895,0.0,14,,,,0,0.0,2020-11-12 12:43:43
865473034058381,,0,1605628802,,43.83807242937341,56.23734535096151,0.0,41,,,,0,0.0,2020-11-17 16:00:02
834100380000000,,62,1605628802,,43.93635124991097,56.29589797377025,0.0,31,,,,0,0.0,2020-11-17 16:00:02
356850083601698,,243,1605185025,,43.93214286396562,56.331077827217776,0.0,9,,,,0,0.0,2020-11-12 12:43:45
356850083601698,,232,1605185033,,43.93188537190014,56.33099736094731,0.0,5,,,,0,0.0,2020-11-12 12:43:53
356850083601698,,209,1605185035,,43.931861232018996,56.33097590327518,0.0,5,,,,0,0.0,2020-11-12 12:43:55
868183034029012,,230,1605628797,,43.93703521320993,56.30494774698861,0.0,19,,,,0,0.0,2020-11-17 15:59:57
356850083601698,,0,1605185155,,43.93160910437154,56.33083642840638,0.0,0,,,,0,0.0,2020-11-12 12:45:55
868183034029012,,173,1605628792,,43.93734634945573,56.305151594873784,0.0,18,,,,0,0.0,2020-11-17 15:59:52
1900995,,272,1605628803,,37.678655,55.787973,0.0,0,"X: 0.041016
Y: -0.455566
Z: -1.12793
",,,0,0.0,2020-11-17 16:00:03
356850083601698,,133,1605185212,,43.931531320310086,56.33082033515228,0.0,6,,,,0,0.0,2020-11-12 12:46:52
EEEEEEEEE121224,,109,1605628801,,43.32081914956701,54.92185057488313,0.0,0,,,,0,0.0,2020-11-17 16:00:01
868183034029012,,204,1605628795,,43.93725247214019,56.30503894209514,0.0,15,,,,0,0.0,2020-11-17 15:59:55
356850083601698,,0,1605185228,,43.931480358338796,56.33082569957031,0.0,0,,,,0,0.0,2020-11-12 12:47:08
EEEEEEEEE526884,,70,1605628785,,43.91736121008111,56.11901701803296,0.0,44,,,,0,0.0,2020-11-17 15:59:45
356850083601698,,193,1605185249,,43.93140525648636,56.330793513062126,0.0,5,,,,0,0.0,2020-11-12 12:47:29
356850083601698,,167,1605185251,,43.93141866753144,56.33075596213591,0.0,10,,,,0,0.0,2020-11-12 12:47:31
356850083601458,,0,1605628649,,43.9149043066229,56.32113219618824,0.0,0,,,,0,0.0,2020-11-17 15:57:29
834104020000000,,132,1605628803,,44.03484732937879,56.32410944819546,0.0,3,,,,0,0.0,2020-11-17 16:00:03
EEEEEE336021132,,238,1605628803,,44.01768923830653,56.30979181647063,0.0,0,,,,0,0.0,2020-11-17 16:00:03
356850083601698,,157,1605185252,,43.93144280741258,56.330729140045754,0.0,14,,,,0,0.0,2020-11-12 12:47:32
834100630000000,,191,1605628803,,43.976372490631505,56.272535933245095,0.0,5,,,,0,0.0,2020-11-17 16:00:03
EEEEEEEEE118641,,86,1605628646,,43.32190007980026,54.92141069260459,0.0,0,,,,0,0.0,2020-11-17 15:57:26
EEEEEEEEE118641,,86,1605628681,,43.32190007980026,54.92141069260459,0.0,0,,,,0,0.0,2020-11-17 15:58:01
834104017000000,,191,1605628803,,43.83360923357159,56.24946357129362,0.0,0,,,,0,0.0,2020-11-17 16:00:03
EEEEEEEEE118641,,86,1605628706,,43.32190007980026,54.92141069260459,0.0,0,,,,0,0.0,2020-11-17 15:58:26
EEEEEEEEE121551,,29,1605628802,,43.34904135282827,54.915595663458944,0.0,22,,,,0,0.0,2020-11-17 16:00:02
1900995,,272,1605628804,,37.678662,55.787982,0.0,0,"X: 0.0354
Y: -0.445801
Z: -1.119629
",,,0,0.0,2020-11-17 16:00:04
EEEEEEEEE121217,,124,1605628802,,43.32066089923509,54.92179693070282,0.0,0,,,,0,0.0,2020-11-17 16:00:02
37619821,,134,1605628793,,77.70934344681663,64.88991166113175,0.0,16,,,,0,0.0,2020-11-17 15:59:53
356850082318518,,0,1605628762,,43.908984671325655,56.3208317887785,0.0,0,,,,0,0.0,2020-11-17 15:59:22
37619821,,122,1605628795,,77.70952784868645,64.88984336957564,0.0,20,,,,0,0.0,2020-11-17 15:59:55
834100630000000,,187,1605628804,,43.976367126213475,56.272509111154946,0.0,9,,,,0,0.0,2020-11-17 16:00:04
37619821,,114,1605628797,,77.70976690056496,64.88979555081804,0.0,24,,,,0,0.0,2020-11-17 15:59:57
EEEEEEEEEE58500,,29,1605628803,,43.32169086749705,54.92162526932583,0.0,0,,,,0,0.0,2020-11-17 16:00:03
352093088752323,,235,1605628792,,43.80597711629373,55.41442216732875,0.0,9,,,,0,0.0,2020-11-17 15:59:52
352093085254257,,200,1605628791,,45.45502604112379,55.92799545636587,0.0,15,,,,0,0.0,2020-11-17 15:59:51
352093085157674,,227,1605628801,,43.6981093985257,55.07664085716862,0.0,64,,,,0,0.0,2020-11-17 16:00:01
358480086379932,,92,1605628779,,37.60386765878738,55.435965670141385,0.0,50,,,,0,0.0,2020-11-17 15:59:39
358480088093267,,149,1605628775,,45.016796003332544,55.959624065076845,0.0,53,,,,0,0.0,2020-11-17 15:59:35
352093089148109,,81,1605628794,,43.59830440105831,56.067786825836585,0.0,0,,,,0,0.0,2020-11-17 15:59:54
352093088757264,,130,1605628791,,43.902831683844056,56.11489714498513,0.0,64,,,,0,0.0,2020-11-17 15:59:51
352093089147010,,193,1605628796,,37.541189798512775,55.36121786929695,0.0,0,,,,0,0.0,2020-11-17 15:59:56
358480086380021,,73,1605628792,,43.606139133592634,55.16756237837662,0.0,12,,,,0,0.0,2020-11-17 15:59:52
352093088764187,,133,1605628798,,43.90137792655764,56.11473084802617,0.0,66,,,,0,0.0,2020-11-17 15:59:58
868345039408836,,123,1605628796,,43.861855576714,56.36153162837996,0.0,33,,,,0,0.0,2020-11-17 15:59:56
867793036166215,,183,1605628797,,43.945092569092544,56.323165310621995,0.0,0,,,,0,0.0,2020-11-17 15:59:57
867793036174201,,162,1605628802,,43.786541829767295,56.38380469204481,0.0,51,,,,0,0.0,2020-11-17 16:00:02
352093089209240,,228,1605628412,,43.80512953824483,55.414186132935384,0.0,0,,,,0,0.0,2020-11-17 15:53:32
868345039408836,,133,1605628797,,43.86196018286561,56.361472619781615,0.0,33,,,,0,0.0,2020-11-17 15:59:57
867793036166215,,183,1605628797,,43.945092569092544,56.323165310621995,0.0,0,,,,0,0.0,2020-11-17 15:59:57
867793036174201,,162,1605628802,,43.786541829767295,56.38380469204481,0.0,51,,,,0,0.0,2020-11-17 16:00:02
868004026621527,,35,1605628803,,43.93188537190014,56.25824512361042,0.0,17,,,,0,0.0,2020-11-17 16:00:03
EEEEEEEEE118645,,18,1605628803,,43.34351600225631,54.92065967408024,0.0,22,,,,0,0.0,2020-11-17 16:00:03
868345039408836,,145,1605628798,,43.86204869576312,56.36141361118327,0.0,33,,,,0,0.0,2020-11-17 15:59:58
EEEEEEEEE121477,,51,1605628803,,43.28743101174185,54.914715898901854,0.0,0,,,,0,0.0,2020-11-17 16:00:03
868345039408836,,151,1605628799,,43.86211306877949,56.3613492381669,0.0,31,,,,0,0.0,2020-11-17 15:59:59
356306055256623,,78,1605053760,,43.9975458486,56.30614401220953,0.0,12,,,,0,0.0,2020-11-11 00:16:00
356850083601698,,148,1605185253,,43.93148304054781,56.33069158911954,0.0,18,,,,0,0.0,2020-11-12 12:47:33
868345039408836,,159,1605628800,,43.862172077377835,56.361274136314464,0.0,31,,,,0,0.0,2020-11-17 16:00:00
100137740000000,,123,1603712792,,43.99795086216134,56.30657316565201,0.0,9,,,,0,0.0,2020-10-26 11:46:32
868183033995759,,27,1605628751,,43.85213525124177,56.256743086561734,0.0,0,,,,0,0.0,2020-11-17 15:59:11
356306055256623,,99,1605053764,,43.99773360323108,56.30616010546362,0.0,10,,,,0,0.0,2020-11-11 00:16:04
356850083601698,,143,1605185254,,43.931531320310086,56.33065403819332,0.0,18,,,,0,0.0,2020-11-12 12:47:34
865473034025067,,0,1605628799,,43.97070766519073,56.302759064431946,0.0,54,,,,0,0.0,2020-11-17 15:59:59
868004026579352,,59,1605628682,,44.008537541145586,56.30952895998711,0.0,0,,,,0,0.0,2020-11-17 15:58:02
100137680000000,,77,1605628804,,44.08030808998279,56.30178810476833,0.0,15,,,,0,0.0,2020-11-17 16:00:04
1900995,,272,1605628805,,37.678662,55.787982,0.0,0,"X: 0.018066
Y: -0.454102
Z: -1.101807
",,,0,0.0,2020-11-17 16:00:05
356306055256623,,145,1605053767,,43.99787039589087,56.30609036802922,0.0,10,,,,0,0.0,2020-11-11 00:16:07
356850083601698,,140,1605185256,,43.93164933750677,56.330573571922855,0.0,23,,,,0,0.0,2020-11-12 12:47:36
356306055256623,,168,1605053770,,43.99793208669823,56.30600453734072,0.0,12,,,,0,0.0,2020-11-11 00:16:10
356850083601698,,141,1605185260,,43.93197924921568,56.330337537529495,0.0,32,,,,0,0.0,2020-11-12 12:47:40
100137700000000,,189,1604130784,,43.82933379240086,56.22038842556542,0.0,12,,,,0,0.0,2020-10-31 07:53:04
356306055256623,,177,1605053775,,43.997988413087555,56.30584896921782,0.0,11,,,,0,0.0,2020-11-11 00:16:15
356850083601698,,136,1605185265,,43.932507644391734,56.33001567244763,0.0,34,,,,0,0.0,2020-11-12 12:47:45
356306055256623,,170,1605053781,,43.99802059959574,56.305661214586735,0.0,13,,,,0,0.0,2020-11-11 00:16:21
356850083601698,,131,1605185276,,43.93363953659629,56.32933439135769,0.0,34,,,,0,0.0,2020-11-12 12:47:56
EEEEEEEEE118658,,226,1605628802,,43.319960842682036,54.92104054776045,0.0,0,,,,0,0.0,2020-11-17 16:00:02
356850080456138,,0,1605628740,,43.90877545902244,56.32091225504897,0.0,0,,,,0,0.0,2020-11-17 15:59:00
356306055256623,,162,1605053784,,43.998093019239164,56.30554319739005,0.0,16,,,,0,0.0,2020-11-11 00:16:24
356850083601698,,127,1605185280,,43.93411965201006,56.32911445021841,0.0,33,,,,0,0.0,2020-11-12 12:48:00
356306055256623,,162,1605053786,,43.99814129900144,56.30545200228352,0.0,20,,,,0,0.0,2020-11-11 00:16:26
356850083601698,,121,1605185284,,43.934586356378766,56.32892669558733,0.0,32,,,,0,0.0,2020-11-12 12:48:04
EEEEEEEEE119160,,93,1605628803,,43.32135827357912,54.92176474419463,0.0,0,,,,0,0.0,2020-11-17 16:00:03
356306055256623,,168,1605053788,,43.99817616771864,56.305355442758966,0.0,19,,,,0,0.0,2020-11-11 00:16:28
356850083601698,,115,1605185285,,43.934717784620524,56.32888914466111,0.0,32,,,,0,0.0,2020-11-12 12:48:05
EEEEEEEEE119710,,40,1605628803,,43.32164258773477,54.921308768661994,0.0,0,,,,0,0.0,2020-11-17 16:00:03
EEEEEEEEE121221,,111,1605628801,,43.32054824645644,54.92155553189143,0.0,0,,,,0,0.0,2020-11-17 16:00:01
865473034058381,,0,1605628804,,43.83836747236512,56.237452639322136,0.0,36,,,,0,0.0,2020-11-17 16:00:04
356306055256623,,159,1605053795,,43.99829954933335,56.30510867952954,0.0,11,,,,0,0.0,2020-11-11 00:16:35
356850083601698,,119,1605185290,,43.93537224362031,56.328717483284116,0.0,30,,,,0,0.0,2020-11-12 12:48:10
868324028527682,,42,1605625185,,46.71173216000007,57.009665979307535,0.0,0,,,,0,0.0,2020-11-17 14:59:45
356306055256623,,103,1605053799,,43.99847121071035,56.3050496709312,0.0,13,,,,0,0.0,2020-11-11 00:16:39
356850083601698,,125,1605185293,,43.93569679091119,56.32860483050547,0.0,26,,,,0,0.0,2020-11-12 12:48:13
EEEEEEEEE119708,,12,1605628804,,43.29175473267486,54.915429366499986,0.0,0,,,,0,0.0,2020-11-17 16:00:04
100137650000000,,209,1605628805,,43.910427699776,56.26104534982262,0.0,58,,,,0,0.0,2020-11-17 16:00:05
EEEEEEEEEE58569,,143,1605628804,,43.340270529347535,54.93592144337853,0.0,39,,,,0,0.0,2020-11-17 16:00:04
865473034025067,,0,1605628801,,43.97060842345716,56.30249620794842,0.0,54,,,,0,0.0,2020-11-17 16:00:01
356306055256623,,81,1605053802,,43.99870188068568,56.30507112860332,0.0,20,,,,0,0.0,2020-11-11 00:16:42
356850083601698,,118,1605185297,,43.93609912226351,56.3284546268006,0.0,27,,,,0,0.0,2020-11-12 12:48:17
356850082265065,,205,1605628802,,43.56418670238093,56.325675858260524,0.0,12,,,,0,0.0,2020-11-17 16:00:02
100137680000000,,83,1605628805,,44.08037514520818,56.30179346918636,0.0,15,,,,0,0.0,2020-11-17 16:00:05
861693031098213,,22,1605628799,,43.93460513184187,56.294084800475765,0.0,67,,,,0,0.0,2020-11-17 15:59:59
356306055256623,,79,1605053804,,43.998913775197906,56.30508185743938,0.0,23,,,,0,0.0,2020-11-11 00:16:44
1900995,,272,1605628806,,37.678662,55.787982,0.0,0,"X: 0.021484
Y: -0.447998
Z: -1.105957
",,,0,0.0,2020-11-17 16:00:06
356850083601698,,113,1605185299,,43.936337838865896,56.32839025378423,0.0,29,,,,0,0.0,2020-11-12 12:48:19
356306055256623,,79,1605053808,,43.999232958070756,56.30510867952954,0.0,8,,,,0,0.0,2020-11-11 00:16:48
356850083601698,,107,1605185300,,43.93646122048061,56.32836343169407,0.0,28,,,,0,0.0,2020-11-12 12:48:20
356306055230263,,0,1605628766,,43.91175807544769,56.32193685889289,0.0,0,,,,0,0.0,2020-11-17 15:59:26
356850082265065,,200,1605628806,,43.56411696494653,56.32556320548187,0.0,11,,,,0,0.0,2020-11-17 16:00:06
356306055256623,,82,1605053815,,43.99943948816495,56.305130137201665,0.0,13,,,,0,0.0,2020-11-11 00:16:55
866795037679311,,0,1605628710,,43.8755455715292,56.313080204723654,0.0,3,,,,0,0.0,2020-11-17 15:58:30
356306055256623,,78,1605053817,,43.99961114954194,56.305146230455755,0.0,19,,,,0,0.0,2020-11-11 00:16:57
EEEEEEEEE121210,,183,1605628805,,43.29122901970782,54.91552592602454,0.0,0,,,,0,0.0,2020-11-17 16:00:05
356306055256623,,73,1605053821,,44.00003762077541,56.30519987463607,0.0,24,,,,0,0.0,2020-11-11 00:17:01
356306055256623,,65,1605053823,,44.00021732877945,56.30524278998031,0.0,20,,,,0,0.0,2020-11-11 00:17:03
60044011,,70,1605628701,,44.07785642521406,56.36133624621698,0.0,53,,,,0,0.0,2020-11-17 15:58:21
60044011,,2,1605628800,,44.07560219617458,56.361116535580045,0.0,4,,,,0,0.0,2020-11-17 16:00:00
834104019000000,,234,1605628806,,43.87963862248688,56.24836923001529,0.0,55,,,,0,0.0,2020-11-17 16:00:06
1900995,,272,1605628807,,37.678662,55.787982,0.0,0,"X: -0.007568
Y: -0.42334
Z: -1.088623
",,,0,0.0,2020-11-17 16:00:07
355094043942477,,0,1605628770,,43.909215341300985,56.32109464526202,0.0,0,,,,0,0.0,2020-11-17 15:59:30
834104020000000,,137,1605628806,,44.03489560914107,56.32408262610531,0.0,5,,,,0,0.0,2020-11-17 16:00:06
356158060460595,,0,1605628748,,43.91426594087721,56.32140041708979,0.0,0,,,,0,0.0,2020-11-17 15:59:08
100137680000000,,87,1605628807,,44.08055485321222,56.301804198022424,0.0,24,,,,0,0.0,2020-11-17 16:00:07
356850083601698,,102,1605185301,,43.93658191988631,56.328352702858005,0.0,25,,,,0,0.0,2020-11-12 12:48:21
47500740,,149,1605628803,,44.074967434647256,56.35587564584703,0.0,0,,,,0,0.0,2020-11-17 16:00:03
60044144,,120,1605628798,,44.127107733890206,56.337263986081176,0.0,0,,,,0,0.0,2020-11-17 15:59:58
79118221,,129,1605628802,,43.92534178773066,56.33720703104912,0.0,34,,,,0,0.0,2020-11-17 16:00:02
60043310,,187,1605628800,,44.12215168218179,56.34068195855726,0.0,19,,,,0,0.0,2020-11-17 16:00:00
60040894,,135,1605628800,,44.12136227454091,56.33892414773324,0.0,15,,,,0,0.0,2020-11-17 16:00:00
60043815,,90,1605628803,,44.05993650296236,56.39539386760336,0.0,48,,,,0,0.0,2020-11-17 16:00:03
60044532,,102,1605628800,,44.02987463959257,56.37608233987728,0.0,0,,,,0,0.0,2020-11-17 16:00:00
60044813,,160,1605628800,,44.04280598835154,56.52411295252948,0.0,32,,,,0,0.0,2020-11-17 16:00:00
60041538,,159,1605628796,,44.10566405954437,56.36174314570654,0.0,27,,,,0,0.0,2020-11-17 15:59:56
60040985,,80,1605628798,,44.07495930420117,56.35983070972372,0.0,1,,,,0,0.0,2020-11-17 15:59:58
60045463,,106,1605628801,,44.053084297118026,56.377783195669245,0.0,43,,,,0,0.0,2020-11-17 16:00:01
60044284,,60,1605628802,,44.3037190438024,56.42905271994626,0.0,57,,,,0,0.0,2020-11-17 16:00:02
60045372,,241,1605628801,,44.06040035748398,56.36193033455916,0.0,29,,,,0,0.0,2020-11-17 16:00:01
47495263,,184,1605628801,,43.990332005543245,56.39665526021194,0.0,49,,,,0,0.0,2020-11-17 16:00:01
60044268,,153,1605628805,,44.07781573107415,56.3510335251575,0.0,0,,,,0,0.0,2020-11-17 16:00:05
79412475,,193,1605628795,,44.07390134038262,56.35591633998694,0.0,0,,,,0,0.0,2020-11-17 15:59:55
60043559,,212,1605628805,,44.83264973965302,56.13202309145872,0.0,0,,,,0,0.0,2020-11-17 16:00:05
79413051,,38,1605628801,,44.5946777017309,56.41754556131026,0.0,37,,,,0,0.0,2020-11-17 16:00:01
60045083,,168,1605628801,,44.0416096812211,56.388736960102975,0.0,37,,,,0,0.0,2020-11-17 16:00:01
26169668,,180,1605628797,,44.08349166253663,56.34699665390583,0.0,35,,,,0,0.0,2020-11-17 15:59:57
79412459,,175,1605628798,,44.126448539115124,56.33884275945342,0.0,7,,,,0,0.0,2020-11-17 15:59:58
356850083601698,,98,1605185302,,43.93669189045595,56.328341974021946,0.0,24,,,,0,0.0,2020-11-12 12:48:22
868183036034812,,190,1605628503,,43.4707707267885,56.2481975686383,0.0,0,,,,0,0.0,2020-11-17 15:55:03
EEEEEEEEE118651,,20,1605628806,,43.29060406500721,54.91586924877853,0.0,0,,,,0,0.0,2020-11-17 16:00:06
356850083601698,,94,1605185303,,43.936793814398534,56.328341974021946,0.0,21,,,,0,0.0,2020-11-12 12:48:23
EEEEEEEEE121480,,117,1605628805,,43.32075477655063,54.921662820252045,0.0,0,,,,0,0.0,2020-11-17 16:00:05
EEEEEEEEE137029,,179,1605628805,,43.31046582276711,54.93836225358265,0.0,16,,,,0,0.0,2020-11-17 16:00:05
356850083601698,,85,1605185304,,43.93688500950506,56.328347338439976,0.0,20,,,,0,0.0,2020-11-12 12:48:24
356850083601698,,70,1605185307,,43.93711836168941,56.32837952494816,0.0,16,,,,0,0.0,2020-11-12 12:48:27
1900995,,272,1605628808,,37.678662,55.787982,0.0,0,"X: -0.035156
Y: -0.429688
Z: -1.076172
",,,0,0.0,2020-11-17 16:00:08
356850083601698,,86,1605185310,,43.937354396082775,56.32841171145635,0.0,20,,,,0,0.0,2020-11-12 12:48:30
864811039194639,,0,1605628807,,43.843984018043614,56.348716033703816,0.0,2,,,,0,0.0,2020-11-17 16:00:07
356850083601698,,96,1605185311,,43.9374616844434,56.32840634703832,0.0,24,,,,0,0.0,2020-11-12 12:48:31
EEEEEEEEE121221,,111,1605628806,,43.32054824645644,54.92155553189143,0.0,0,,,,0,0.0,2020-11-17 16:00:06
356850083601698,,105,1605185312,,43.93757701943107,56.32839561820226,0.0,26,,,,0,0.0,2020-11-12 12:48:32
EEEEEEEEE121478,,28,1605628812,,43.29285443837122,54.9169367679667,0.0,0,,,,0,0.0,2020-11-17 16:00:12
EEEEEEEEE121224,,109,1605628806,,43.32081914956701,54.92185057488313,0.0,0,,,,0,0.0,2020-11-17 16:00:06
356850083601698,,114,1605185313,,43.93769771883676,56.32836343169407,0.0,29,,,,0,0.0,2020-11-12 12:48:33
356850083601698,,118,1605185314,,43.93781573603344,56.328331245185886,0.0,31,,,,0,0.0,2020-11-12 12:48:34
356850083601698,,123,1605185315,,43.937933753230126,56.32829369425967,0.0,30,,,,0,0.0,2020-11-12 12:48:35
356850083601698,,125,1605185317,,43.93813223669728,56.3282132279892,0.0,21,,,,0,0.0,2020-11-12 12:48:37
868004026621527,,50,1605628806,,43.93203021118698,56.25834168313498,0.0,17,,,,0,0.0,2020-11-17 16:00:06
356850083601698,,129,1605185319,,43.93825830052101,56.32815421939086,0.0,16,,,,0,0.0,2020-11-12 12:48:39
356850083601698,,128,1605185320,,43.93831730911935,56.328127397300705,0.0,16,,,,0,0.0,2020-11-12 12:48:40
100137740000000,,159,1603712794,,43.99800450634165,56.306551707979885,0.0,6,,,,0,0.0,2020-10-26 11:46:34
EEEEEEEEEE58569,,118,1605628807,,43.34063262756463,54.93574441758351,0.0,36,,,,0,0.0,2020-11-17 16:00:07
1900995,,272,1605628809,,37.678618,55.788075,0.0,0,"X: -0.041504
Y: -0.420898
Z: -1.053223
",,,0,0.0,2020-11-17 16:00:09
864811039194639,,0,1605628809,,43.84395719595346,56.348726762539876,0.0,3,,,,0,0.0,2020-11-17 16:00:09
47760662,,128,1605628759,,43.59174371780635,56.2527090442024,0.0,17,,,,0,0.0,2020-11-17 15:59:19
47760662,,251,1605628774,,43.5891419750613,56.252274526341886,0.0,55,,,,0,0.0,2020-11-17 15:59:34
47760662,,251,1605628794,,43.58384193004664,56.25127138017008,0.0,61,,,,0,0.0,2020-11-17 15:59:54
100137700000000,,193,1604130785,,43.82929355926562,56.22041524765557,0.0,14,,,,0,0.0,2020-10-31 07:53:05
100137680000000,,86,1605628809,,44.08080161644165,56.301809562440454,0.0,29,,,,0,0.0,2020-11-17 16:00:09
37724598,,33,1605628805,,43.442175696474074,56.245172036868794,0.0,9,,,,0,0.0,2020-11-17 16:00:05
40904856,,178,1605628707,,43.389019678204555,56.22682036278462,0.0,24,,,,0,0.0,2020-11-17 15:58:27
40904856,,168,1605628708,,43.38903308924964,56.22676135418629,0.0,24,,,,0,0.0,2020-11-17 15:58:28
40904856,,158,1605628709,,43.38907332238487,56.226702345587945,0.0,25,,,,0,0.0,2020-11-17 15:58:29
40904856,,149,1605628710,,43.38913233098321,56.2266433369896,0.0,26,,,,0,0.0,2020-11-17 15:58:30
40904856,,138,1605628711,,43.38921279725368,56.22658432839126,0.0,29,,,,0,0.0,2020-11-17 15:58:31
40904856,,126,1605628712,,43.38931740340528,56.22654141304701,0.0,29,,,,0,0.0,2020-11-17 15:58:32
40904856,,114,1605628713,,43.38943542060196,56.22650386212079,0.0,29,,,,0,0.0,2020-11-17 15:58:33
40904856,,102,1605628714,,43.389564166634706,56.22648240444867,0.0,28,,,,0,0.0,2020-11-17 15:58:34
40904856,,91,1605628715,,43.38969291266745,56.22647704003064,0.0,28,,,,0,0.0,2020-11-17 15:58:35
40904856,,82,1605628716,,43.389824340909215,56.226487768866704,0.0,27,,,,0,0.0,2020-11-17 15:58:36
40904856,,70,1605628717,,43.38995040473294,56.22650386212079,0.0,27,,,,0,0.0,2020-11-17 15:58:37
40904856,,59,1605628718,,43.390060375302575,56.22654141304701,0.0,27,,,,0,0.0,2020-11-17 15:58:38
40904856,,49,1605628719,,43.390159617036154,56.22657896397323,0.0,26,,,,0,0.0,2020-11-17 15:58:39
40904856,,44,1605628720,,43.39024276551563,56.22663260815354,0.0,25,,,,0,0.0,2020-11-17 15:58:40
40904856,,53,1605628722,,43.390403698056566,56.226723803260064,0.0,23,,,,0,0.0,2020-11-17 15:58:42
40904856,,62,1605628723,,43.39049221095408,56.22675598976825,0.0,22,,,,0,0.0,2020-11-17 15:58:43
40904856,,70,1605628724,,43.39058608826962,56.22677744744038,0.0,22,,,,0,0.0,2020-11-17 15:58:44
40904856,,79,1605628725,,43.390690694421224,56.2267989051125,0.0,23,,,,0,0.0,2020-11-17 15:58:45
40904856,,85,1605628726,,43.39079261836381,56.22680426953053,0.0,23,,,,0,0.0,2020-11-17 15:58:46
40904856,,90,1605628735,,43.391570458978315,56.22683109162069,0.0,11,,,,0,0.0,2020-11-17 15:58:55
37803889,,247,1605628799,,43.45511735497394,56.22950257180014,0.0,0,,,,0,0.0,2020-11-17 15:59:59
37803889,,247,1605628799,,43.45511735497394,56.22950257180014,0.0,0,,,,0,0.0,2020-11-17 15:59:59
37803889,,130,1605628805,,43.45508516846576,56.22950257180014,0.0,7,,,,0,0.0,2020-11-17 16:00:05
37803889,,130,1605628805,,43.45508516846576,56.22950257180014,0.0,7,,,,0,0.0,2020-11-17 16:00:05
49546955,,249,1605628782,,43.435676704029476,56.23252810356964,0.0,16,,,,0,0.0,2020-11-17 15:59:42
356850083601698,,127,1605185322,,43.93844873736111,56.32806838870236,0.0,21,,,,0,0.0,2020-11-12 12:48:42
834100380000000,,76,1605628804,,43.936638246275635,56.295946253532534,0.0,35,,,,0,0.0,2020-11-17 16:00:04
356850083601698,,129,1605185326,,43.93883229325033,56.327896727325374,0.0,32,,,,0,0.0,2020-11-12 12:48:46
40904856,,99,1605628755,,43.39218468484287,56.22682036278462,0.0,16,,,,0,0.0,2020-11-17 15:59:15
40904856,,105,1605628756,,43.39226246890432,56.22680963394856,0.0,16,,,,0,0.0,2020-11-17 15:59:16
40904856,,95,1605628758,,43.39239389714608,56.22679354069447,0.0,12,,,,0,0.0,2020-11-17 15:59:18
40904856,,84,1605628759,,43.39243413028131,56.226788176276436,0.0,7,,,,0,0.0,2020-11-17 15:59:19
EEEEEEEEE121217,,124,1605628807,,43.32066089923509,54.92179693070282,0.0,0,,,,0,0.0,2020-11-17 16:00:07
40911687,,96,1605628784,,43.40031714257792,56.22673989651416,0.0,21,,,,0,0.0,2020-11-17 15:59:44
40911687,,91,1605628788,,43.40064705428682,56.226729167678094,0.0,14,,,,0,0.0,2020-11-17 15:59:48
40911687,,83,1605628792,,43.40084553775397,56.226718438842035,0.0,5,,,,0,0.0,2020-11-17 15:59:52
40911687,,73,1605628793,,43.40085894879905,56.226723803260064,0.0,2,,,,0,0.0,2020-11-17 15:59:53
42789391,,32,1605628760,,43.43807996330738,56.24119163868976,0.0,23,,,,0,0.0,2020-11-17 15:59:20
42789391,,30,1605628786,,43.43998969612643,56.24298335431213,0.0,22,,,,0,0.0,2020-11-17 15:59:46
356850083601698,,128,1605185330,,43.93935800621737,56.32766605735004,0.0,40,,,,0,0.0,2020-11-12 12:48:50
861693031098213,,22,1605628805,,43.935267637468705,56.29496456503285,0.0,66,,,,0,0.0,2020-11-17 16:00:05
1900995,,272,1605628810,,37.678593,55.788082,0.0,0,"X: -0.051514
Y: -0.403809
Z: -1.040283
",,,0,0.0,2020-11-17 16:00:10
EEEEEEEEE119160,,93,1605628808,,43.32135827357912,54.92176474419463,0.0,0,,,,0,0.0,2020-11-17 16:00:08
356850083601698,,125,1605185345,,43.94140721390522,56.326780928374916,0.0,37,,,,0,0.0,2020-11-12 12:49:05
49533607,,152,1605628795,,43.45478476105602,56.249340189678904,0.0,24,,,,0,0.0,2020-11-17 15:59:55
